"code";"parentCode";"level";"name";"shortName";"notes";"validFrom";"validTo"
"01";"A";"2";"Crop and animal production, hunting and related service activities";"Crop and animal production, hunting";""
"01.1";"01";"3";"Growing of non-perennial crops";"Growing of non-perennial crops";"Includes also: orn"
"01.2";"01";"3";"Growing of perennial crops";"Growing of perennial crops";""
"01.3";"01";"3";"Plant propagation";"Plant propagation";""
"01.4";"01";"3";"Animal production";"Animal production";""
"01.5";"01";"3";"Mixed farming";"Mixed farming";""
"01.6";"01";"3";"Support activities to agriculture and post-harvest crop activities";"Support activities to agriculture";""
"01.7";"01";"3";"Hunting, trapping and related service activities";"Hunting, trapping, and rel.serv.act.";""
"01.11";"01.1";"4";"Growing of cereals (except rice), leguminous crops and oil seeds";"Growing of cereals, crops etc.";""
"01.12";"01.1";"4";"Growing of rice";"Growing of rice";""
"01.13";"01.1";"4";"Growing of vegetables and melons, roots and tubers";"Growing of vegetables etc.";""
"01.14";"01.1";"4";"Growing of sugar cane";"Growing of sugar cane";""
"01.15";"01.1";"4";"Growing of tobacco";"Growing of tobacco";""
"01.16";"01.1";"4";"Growing of fibre crops";"Growing of fibre crops";""
"01.19";"01.1";"4";"Growing of other non-perennial crops";"Growing of other non-perennial crops";""
"01.21";"01.2";"4";"Growing of grapes";"Growing of grapes";""
"01.22";"01.2";"4";"Growing of tropical and subtropical fruits";"Growing of trop./subtrop. fruits";""
"01.23";"01.2";"4";"Growing of citrus fruits";"Growing of citrus fruits";""
"01.24";"01.2";"4";"Growing of pome fruits and stone fruits";"Growing of pome fruits/stone fruits";""
"01.25";"01.2";"4";"Growing of other tree and bush fruits and nuts";"Grow. of other fruits, nuts etc.";""
"01.26";"01.2";"4";"Growing of oleaginous fruits";"Growing of oleaginous fruits";""
"01.27";"01.2";"4";"Growing of beverage crops";"Growing of beverage crops";""
"01.28";"01.2";"4";"Growing of spices, aromatic, drug and pharmaceutical crops";"Growing of spices etc.";""
"01.29";"01.2";"4";"Growing of other perennial crops";"Growing of other perennial crops";""
"01.30";"01.3";"4";"Plant propagation";"Plant propagation";""
"01.41";"01.4";"4";"Raising of dairy cattle";"Raising of dairy cattle";""
"01.42";"01.4";"4";"Raising of other cattle and buffaloes";"Raising of other cattle/buffaloes";""
"01.43";"01.4";"4";"Raising of horses and other equines";"Raising of horses/other equines";""
"01.44";"01.4";"4";"Raising of camels and camelids";"Raising of camels and camelids";""
"01.45";"01.4";"4";"Raising of sheep and goats";"Raising of sheep and goats";""
"01.46";"01.4";"4";"Raising of swine/pigs";"Raising of swine/pigs";""
"01.47";"01.4";"4";"Raising of poultry";"Raising of poultry";""
"01.49";"01.4";"4";"Raising of other animals";"Raising of other animals";""
"01.50";"01.5";"4";"Mixed farming";"Mixed farming";""
"01.61";"01.6";"4";"Support activities for crop production";"Supp. act. for crop production";""
"01.62";"01.6";"4";"Support activities for animal production";"Supp. act. for animal production";""
"01.63";"01.6";"4";"Post-harvest crop activities";"Post-harvest crop activities";""
"01.64";"01.6";"4";"Seed processing for propagation";"Seed processing for propagation";""
"01.70";"01.7";"4";"Hunting, trapping and related service activities";"Hunting, trapping and rel. serv. act";""
"01.110";"01.11";"5";"Growing of cereals (except rice), leguminous crops and oil seeds";"Growing of cereals, crops etc.";""
"01.120";"01.12";"5";"Growing of rice";"Growing of rice";""
"01.130";"01.13";"5";"Growing of vegetables and melons, roots and tubers";"Growing of vegetables etc.";""
"01.140";"01.14";"5";"Growing of sugar cane";"Growing of sugar cane";""
"01.150";"01.15";"5";"Growing of tobacco";"Growing of tobacco";""
"01.160";"01.16";"5";"Growing of fibre crops";"Growing of fibre crops";""
"01.190";"01.19";"5";"Growing of other non-perennial crops";"Growing of other non-perennial crops";""
"01.210";"01.21";"5";"Growing of grapes";"Growing of grapes";""
"01.220";"01.22";"5";"Growing of tropical and subtropical fruits";"Growing of trop./subtrop. fruits";""
"01.230";"01.23";"5";"Growing of citrus fruits";"Growing of citrus fruits";""
"01.240";"01.24";"5";"Growing of pome fruits and stone fruits";"Growing of pome fruits/stone fruits";""
"01.250";"01.25";"5";"Growing of other tree and bush fruits and nuts";"Growing of other fruits, nuts etc.";""
"01.260";"01.26";"5";"Growing of oleaginous fruits";"Growing of oleaginous fruits";""
"01.270";"01.27";"5";"Growing of beverage crops";"Growing of beverage crops";""
"01.280";"01.28";"5";"Growing of spices, aromatic, drug and pharmaceutical crops";"Growing of spices etc.";""
"01.290";"01.29";"5";"Growing of other perennial crops";"Growing of other perennial crops";""
"01.300";"01.30";"5";"Plant propagation";"Plant propagation";""
"01.410";"01.41";"5";"Raising of dairy cattle";"Raising of dairy cattle";""
"01.420";"01.42";"5";"Raising of other cattle and buffaloes";"Raising of other cattle/buffaloes";""
"01.430";"01.43";"5";"Raising of horses and other equines";"Raising of horses/other equines";""
"01.440";"01.44";"5";"Raising of camels and camelids";"Raising of camels and camelids";""
"01.451";"01.45";"5";"Raising of sheep";"Raising of sheep";""
"01.452";"01.45";"5";"Raising of goats";"Raising of goats";""
"01.460";"01.46";"5";"Raising of swine/pigs";"Raising of swine/pigs";""
"01.471";"01.47";"5";"Farming of laying hens for production of eggs for consumption";"Laying hens for egg production";""
"01.479";"01.47";"5";"Raising of other poultry";"Raising of other poultry";""
"01.490";"01.49";"5";"Raising of other animals";"Raising of other animals";""
"01.500";"01.50";"5";"Mixed farming";"Mixed farming";""
"01.610";"01.61";"5";"Support activities for crop production";"Supp. act. for crop production";""
"01.620";"01.62";"5";"Support activities for animal production";"Supp. act. for animal production";""
"01.630";"01.63";"5";"Post-harvest crop activities";"Post-harvest crop activities";""
"01.640";"01.64";"5";"Seed processing for propagation";"Seed processing for propagation";""
"01.700";"01.70";"5";"Hunting, trapping and related service activities";"Hunting, trapping and rel. serv. act";""
"02";"A";"2";"Forestry and logging";"Forestry and logging";""
"02.1";"02";"3";"Silviculture and other forestry activities";"Silviculture, other forestry act.";""
"02.2";"02";"3";"Logging";"Logging";""
"02.3";"02";"3";"Gathering of wild growing non-wood products";"Gathering of berries, mushrooms etc.";""
"02.4";"02";"3";"Support services to forestry";"Support services to forestry";""
"02.10";"02.1";"4";"Silviculture and other forestry activities";"Silviculture, other forestry act.";""
"02.20";"02.2";"4";"Logging";"Logging";""
"02.30";"02.3";"4";"Gathering of wild growing non-wood products";"Gathering of mushrooms, berries etc.";""
"02.40";"02.4";"4";"Support services to forestry";"Support services to forestry";""
"02.100";"02.10";"5";"Silviculture and other forestry activities";"Silviculture, other forestry act.";""
"02.200";"02.20";"5";"Logging";"Logging";""
"02.300";"02.30";"5";"Gathering of wild growing non-wood products";"Gathering of mushrooms, berries etc.";""
"02.400";"02.40";"5";"Support services to forestry";"Support services to forestry";""
"03";"A";"2";"Fishing and aquaculture";"Fishing and aquaculture";""
"03.1";"03";"3";"Fishing";"Fishing";""
"03.2";"03";"3";"Aquaculture";"Aquaculture";""
"03.11";"03.1";"4";"Marine fishing";"Marine fishing";""
"03.12";"03.1";"4";"Freshwater fishing";"Freshwater fishing";""
"03.21";"03.2";"4";"Marine aquaculture";"Marine aquaculture";""
"03.22";"03.2";"4";"Freshwater aquaculture";"Freshwater aquaculture";""
"03.111";"03.11";"5";"Ocean and coastal water fishing";"Ocean and coastal water fishing";""
"03.112";"03.11";"5";"Whaling";"Whaling";""
"03.120";"03.12";"5";"Freshwater fishing";"Freshwater fishing";""
"03.211";"03.21";"5";"Operation of marine fish farms";"Oper. of marine fish farms";""
"03.212";"03.21";"5";"Operation of marine hatcheries";"Oper. of marine hatcheries";""
"03.213";"03.21";"5";"Marine fish farming services";"Marine fish farming services";""
"03.221";"03.22";"5";"Operation of freshwater fish farms";"Oper. of freshwater fish farms";""
"03.222";"03.22";"5";"Operation of freshwater hatcheries";"Oper. of freshwater hatcheries";""
"03.223";"03.22";"5";"Freshwater fish farming services";"Freshwater fish farming services";""
"05";"B";"2";"Mining of coal and lignite";"Mining of coal and lignite";""
"05.1";"05";"3";"Mining of hard coal";"Mining of hard coal";""
"05.2";"05";"3";"Mining of lignite";"Mining of lignite";""
"05.10";"05.1";"4";"Mining of hard coal";"Mining of hard coal";""
"05.20";"05.2";"4";"Mining of lignite";"Mining of lignite";""
"05.100";"05.10";"5";"Mining of hard coal";"Mining of hard coal";""
"05.200";"05.20";"5";"Mining of lignite";"Mining of lignite";""
"06";"B";"2";"Extraction of crude petroleum and natural gas";"Extraction of oil and natural gas";""
"06.1";"06";"3";"Extraction of crude petroleum";"Extraction of crude petroleum";""
"06.2";"06";"3";"Extraction of natural gas";"Extraction of natural gas";""
"06.10";"06.1";"4";"Extraction of crude petroleum";"Extraction of crude petroleum";""
"06.20";"06.2";"4";"Extraction of natural gas";"Extraction of natural gas";""
"06.100";"06.10";"5";"Extraction of crude petroleum";"Extraction of crude petroleum";""
"06.200";"06.20";"5";"Extraction of natural gas";"Extraction of natural gas";""
"07";"B";"2";"Mining of metal ores";"Mining of metal ores";""
"07.1";"07";"3";"Mining of iron ores";"Mining of iron ores";""
"07.2";"07";"3";"Mining of non-ferrous metal ores";"Mining of non-ferrous metal ores";""
"07.10";"07.1";"4";"Mining of iron ores";"Mining of iron ores";""
"07.21";"07.2";"4";"Mining of uranium and thorium ores";"Mining of uran and thorium ores";""
"07.29";"07.2";"4";"Mining of other non-ferrous metal ores";"Mining of other non-ferr metal ores";""
"07.100";"07.10";"5";"Mining of iron ores";"Mining of iron ores";""
"07.210";"07.21";"5";"Mining of uranium and thorium ores";"Mining of uran and thorium ores";""
"07.290";"07.29";"5";"Mining of other non-ferrous metal ores";"Mining of other non-ferr metal ores";""
"08";"B";"2";"Other mining and quarrying";"Other mining and quarrying";""
"08.1";"08";"3";"Quarrying of stone, sand and clay";"Quarrying of stone, sand and clay";""
"08.9";"08";"3";"Mining and quarrying n.e.c.";"Mining and quarrying n.e.c.";""
"08.11";"08.1";"4";"Quarrying of ornamental and building stone, limestone, gypsum, chalk and slate";"Quarry. build. stone, limestone etc.";""
"08.12";"08.1";"4";"Operation of gravel and sand pits; mining of clays and kaolin";"Operation of gravel and sand pits";""
"08.91";"08.9";"4";"Mining of chemical and fertiliser minerals";"Mining of chem./fertiliser minerals";""
"08.92";"08.9";"4";"Extraction of peat";"Extraction of peat";""
"08.93";"08.9";"4";"Extraction of salt";"Extraction of salt";""
"08.99";"08.9";"4";"Other mining and quarrying n.e.c.";"Other mining and quarrying n.e.c.";""
"08.111";"08.11";"5";"Quarrying of ornamental and building stone";"Quarry. ornam. buliding stone";""
"08.112";"08.11";"5";"Quarrying of limestone, gypsum and chalk";"Quarry. limestone/gypsum/chalk";""
"08.113";"08.11";"5";"Quarrying of slate";"Quarrying of slate";""
"08.120";"08.12";"5";"Operation of gravel and sand pits; mining of clays and kaolin";"Operation of gravel and sand pits";""
"08.910";"08.91";"5";"Mining of chemical and fertiliser minerals";"Mining of chem./fertiliser minerals";""
"08.920";"08.92";"5";"Extraction of peat";"Extraction of peat";""
"08.930";"08.93";"5";"Extraction of salt";"Extraction of salt";""
"08.990";"08.99";"5";"Other mining and quarrying n.e.c.";"Other mining and quarrying n.e.c.";""
"09";"B";"2";"Mining support service activities";"Mining support service activities";""
"09.1";"09";"3";"Support activities for petroleum and natural gas extraction";"Support act. petroleum extraction";""
"09.9";"09";"3";"Support activities for other mining and quarrying";"Supp. for other mining/quarrying";""
"09.10";"09.1";"4";"Support activities for petroleum and natural gas extraction";"Supp. for petro/natural gas extrac";""
"09.90";"09.9";"4";"Support activities for other mining and quarrying";"Supp. for other mining/quarrying";""
"09.101";"09.10";"5";"Drilling services for petroleum and natural gas extraction";"Drill.serv. petrol/nat. gas extrac.";""
"09.109";"09.10";"5";"Other support activities for petroleum and natural gas extraction";"Other supp. serv. petro/nat. gas extr.";""
"09.900";"09.90";"5";"Support activities for other mining and quarrying";"Supp. for other mining/quarrying";""
"10";"C";"2";"Manufacture of food products";"Food products";""
"10.1";"10";"3";"Processing and preserving of meat and production of meat products";"Process. of meat/prod. of meat prod.";""
"10.2";"10";"3";"Processing and preserving of fish, crustaceans and molluscs";"Process. and preserv. of fish etc.";""
"10.3";"10";"3";"Processing and preserving of fruit and vegetables";"Process./preserv. of fruit/vegetab.";""
"10.4";"10";"3";"Manufacture of vegetable and animal oils and fats";"Manuf. of vegetab./animal. oils etc.";""
"10.5";"10";"3";"Manufacture of dairy products";"Manufacture of dairy products";""
"10.6";"10";"3";"Manufacture of grain mill products, starches and starch products";"Manuf. of grain mill prod./starches";""
"10.7";"10";"3";"Manufacture of bakery and farinaceous products";"Manuf. of bakery/farinaceous prod.";""
"10.8";"10";"3";"Manufacture of other food products";"Manuf. of other food products";""
"10.9";"10";"3";"Manufacture of prepared animal feeds";"Manuf. of prepared animal feeds";""
"10.11";"10.1";"4";"Processing and preserving of meat";"Processing and preserving of meat";""
"10.12";"10.1";"4";"Processing and preserving of poultry meat";"Process./preserv. of poultry meat";""
"10.13";"10.1";"4";"Production of meat and poultry meat products";"Prod. of meat/poultry meat prod.";""
"10.20";"10.2";"4";"Processing and preserving of fish, crustaceans and molluscs";"Process. and preserv. of fish etc.";""
"10.31";"10.3";"4";"Processing and preserving of potatoes";"Process. and preserv. of potatoes";""
"10.32";"10.3";"4";"Manufacture of fruit and vegetable juice";"Fruit and vegetable juice";""
"10.39";"10.3";"4";"Other processing and preserving of fruit and vegetables";"Processing of fruit, vegetables n.e.c.";""
"10.41";"10.4";"4";"Manufacture of oils and fats";"Manufacture of oils and fats";""
"10.42";"10.4";"4";"Manufacture of margarine and similar edible fats";"Manuf. of margarine/sim. edible fats";""
"10.51";"10.5";"4";"Operation of dairies and cheese making";"Oper. of dairies /cheese making";""
"10.52";"10.5";"4";"Manufacture of ice cream";"Manufacture of ice cream";""
"10.61";"10.6";"4";"Manufacture of grain mill products";"Manuf. of grain mill products";""
"10.62";"10.6";"4";"Manufacture of starches and starch products";"Manuf. of starches/starch products";""
"10.71";"10.7";"4";"Manufacture of bread; manufacture of fresh pastry goods and cakes";"Manuf. of bread/ fresh cakes etc.";""
"10.72";"10.7";"4";"Manufacture of rusks and biscuits; manufacture of preserved pastry goods and cakes";"Manuf. of rusks, biscuits etc.";""
"10.73";"10.7";"4";"Manufacture of macaroni, noodles, couscous and similar farinaceous products";"Manuf. of macaroni, noodles etc.";""
"10.81";"10.8";"4";"Manufacture of sugar";"Manufacture of sugar";""
"10.82";"10.8";"4";"Manufacture of cocoa, chocolate and sugar confectionery";"Manuf. of cocoa, chocolate etc.";""
"10.83";"10.8";"4";"Processing of tea and coffee";"Processing of tea and coffee";""
"10.84";"10.8";"4";"Manufacture of condiments and seasonings";"Manuf. of condiments and seasonings";""
"10.85";"10.8";"4";"Manufacture of prepared meals and dishes";"Manuf. of prepared meat and dishes";""
"10.86";"10.8";"4";"Manufacture of homogenised food preparations and dietetic food";"Manuf. of dietetic food etc.";""
"10.89";"10.8";"4";"Manufacture of other food products n.e.c.";"Manuf. of other products n.e.c.";""
"10.91";"10.9";"4";"Manufacture of prepared feeds for farm animals";"Manuf. of prep. feeds for farm anim.";""
"10.92";"10.9";"4";"Manufacture of prepared pet foods";"Manuf. of prepared pet foods";""
"10.110";"10.11";"5";"Processing and preserving of meat";"Processing and preserving of meat";""
"10.120";"10.12";"5";"Processing and preserving of poultry meat";"Process./preserv. of poultry meat";""
"10.130";"10.13";"5";"Production of meat and poultry meat products";"Prod. of meat/poultry meat prod.";""
"10.201";"10.20";"5";"Drying and salting of fish";"Drying and salting of fish";""
"10.202";"10.20";"5";"Freezing of fish, fish fillets, crustaceans and molluscs";"Freezing of fish, fish fillets etc.";""
"10.203";"10.20";"5";"Canning of fish and fish products";"Canning of fish and fish products";""
"10.209";"10.20";"5";"Slaughtering and other processing and preserving of fish and fish products";"Other proc./preserv. of fish etc.";""
"10.310";"10.31";"5";"Processing and preserving of potatoes";"Process. and preserv. of potatoes";""
"10.320";"10.32";"5";"Manufacture of fruit and vegetable juice";"Fruit and vegetable juice";""
"10.390";"10.39";"5";"Other processing and preserving of fruit and vegetables";"Processing of fruit, vegetables n.e.c.";""
"10.411";"10.41";"5";"Manufacture of crude fish oils and fats";"Manuf. of crude fish oils and fats";""
"10.412";"10.41";"5";"Manufacture of other crude oils and fats";"Manuf. of other crude oils and fats";""
"10.413";"10.41";"5";"Manufacture of refined oils and fats";"Manuf. of refined oils and fats";""
"10.420";"10.42";"5";"Manufacture of margarine and similar edible fats";"Manuf. of margarine/sim. edible fats";""
"10.510";"10.51";"5";"Operation of dairies and cheese making";"Oper. of dairies/cheese making";""
"10.520";"10.52";"5";"Manufacture of ice cream";"Manufacture of ice cream";""
"10.610";"10.61";"5";"Manufacture of grain mill products";"Manuf. of grain mill products";""
"10.620";"10.62";"5";"Manufacture of starches and starch products";"Manuf. of starches/starch products";""
"10.710";"10.71";"5";"Manufacture of bread; manufacture of fresh pastry goods and cakes";"Manuf. of bread/fresh cakes etc.";""
"10.720";"10.72";"5";"Manufacture of rusks and biscuits; manufacture of preserved pastry goods and cakes";"Manuf. of rusks, biscuits etc.";""
"10.730";"10.73";"5";"Manufacture of macaroni, noodles, couscous and similar farinaceous products";"Manuf. of macaroni, noodles etc.";""
"10.810";"10.81";"5";"Manufacture of sugar";"Manufacture of sugar";""
"10.820";"10.82";"5";"Manufacture of cocoa, chocolate and sugar confectionery";"Manuf. of cocoa, chocolate etc.";""
"10.830";"10.83";"5";"Processing of tea and coffee";"Processing of tea and coffee";""
"10.840";"10.84";"5";"Manufacture of condiments and seasonings";"Manuf. of condiments and seasonings";""
"10.850";"10.85";"5";"Manufacture of prepared meals and dishes";"Manuf. of prepared meat and dishes";""
"10.860";"10.86";"5";"Manufacture of homogenised food preparations and dietetic food";"Manuf. of dietetic food etc.";""
"10.890";"10.89";"5";"Manufacture of other food products n.e.c.";"Manuf. of other products n.e.c.";""
"10.910";"10.91";"5";"Manufacture of prepared feeds for farm animals";"Manuf. of prep. feeds for farm anim.";""
"10.920";"10.92";"5";"Manufacture of prepared pet foods";"Manuf. of prepared pet foods";""
"11";"C";"2";"Manufacture of beverages";"Beverages";""
"11.0";"11";"3";"Manufacture of beverages";"Manufacture of beverages";""
"11.01";"11.0";"4";"Distilling, rectifying and blending of spirits";"Distil, rectify., blend. of spirits";""
"11.02";"11.0";"4";"Manufacture of wine from grape";"Manuf. of wine from grapes";""
"11.03";"11.0";"4";"Manufacture of cider and other fruit wines";"Manuf. of cider/other fruit wines";""
"11.04";"11.0";"4";"Manufacture of other non-distilled fermented beverages";"Non-distill. fermented beverages";""
"11.05";"11.0";"4";"Manufacture of beer";"Manufacture of beer";""
"11.06";"11.0";"4";"Manufacture of malt";"Manufacture of malt";""
"11.07";"11.0";"4";"Manufacture of soft drinks; production of mineral waters and other bottled waters";"Prod. of mineral waters etc.";""
"11.010";"11.01";"5";"Distilling, rectifying and blending of spirits";"Distil, rectify., blend. of spirits";""
"11.020";"11.02";"5";"Manufacture of wine from grape";"Manuf. of wine from grapes";""
"11.030";"11.03";"5";"Manufacture of cider and other fruit wines";"Manuf. of cider/other fruit wines";""
"11.040";"11.04";"5";"Manufacture of other non-distilled fermented beverages";"Non-distill. fermented beverages";""
"11.050";"11.05";"5";"Manufacture of beer";"Manufacture of beer";""
"11.060";"11.06";"5";"Manufacture of malt";"Manufacture of malt";""
"11.070";"11.07";"5";"Manufacture of soft drinks; production of mineral waters and other bottled waters";"Prod. of mineral waters";""
"12";"C";"2";"Manufacture of tobacco products";"Tobacco products";""
"12.0";"12";"3";"Manufacture of tobacco products";"Tobacco products";""
"12.00";"12.0";"4";"Manufacture of tobacco products";"Tobacco products";""
"12.000";"12.00";"5";"Manufacture of tobacco products";"Tobacco products";""
"13";"C";"2";"Manufacture of textiles";"Textiles";""
"13.1";"13";"3";"Preparation and spinning of textile fibres";"Prep. and spinning of textile fibres";""
"13.2";"13";"3";"Weaving of textiles";"Weaving of textiles";""
"13.3";"13";"3";"Finishing of textiles";"Finishing of textiles";""
"13.9";"13";"3";"Manufacture of other textiles";"Manufacture of other textiles";""
"13.10";"13.1";"4";"Preparation and spinning of textile fibres";"Prep. and spinning of textile fibres";""
"13.20";"13.2";"4";"Weaving of textiles";"Weaving of textiles";""
"13.30";"13.3";"4";"Finishing of textiles";"Finishing of textiles";""
"13.91";"13.9";"4";"Manufacture of knitted and crocheted fabrics";"Manuf. knitted and crocheted fabrics";""
"13.92";"13.9";"4";"Manufacture of made-up textile articles, except apparel";"Manuf. of made-up text. art. etc.";""
"13.93";"13.9";"4";"Manufacture of carpets and rugs";"Manuf. of carpets and rugs";""
"13.94";"13.9";"4";"Manufacture of cordage, rope, twine and rugs";"Manuf. of cordage, rope etc.";""
"13.95";"13.9";"4";"Manufacture of non-wovens and articles made from non-wovens, except apparel";"Manuf. of non-wovens and -articles";""
"13.96";"13.9";"4";"Manufacture of other technical and industrial textiles";"Manuf. of other tech./ind. textiles";""
"13.99";"13.9";"4";"Manufacture of other textiles n.e.c.";"Manuf. of other textiles n.e.c.";""
"13.100";"13.10";"5";"Preparation and spinning of textile fibres";"Prep. and spinning of textile fibres";""
"13.200";"13.20";"5";"Weaving of textiles";"Weaving of textiles";""
"13.300";"13.30";"5";"Finishing of textiles";"Finishing of textiles";""
"13.910";"13.91";"5";"Manufacture of knitted and crocheted fabrics";"Manuf. knitted and crocheted fabrics";""
"13.921";"13.92";"5";"Manufacture of house-hold linen";"Manuf. of house-hold linen";""
"13.929";"13.92";"5";"Manufacture of other made-up textile articles, except apparel";"Other made-up text.art. exc.apparel";""
"13.930";"13.93";"5";"Manufacture of carpets and rugs";"Manuf. of carpets and rugs";""
"13.940";"13.94";"5";"Manufacture of cordage, rope, twine and rugs";"Manuf. of cordage, rope etc.";""
"13.950";"13.95";"5";"Manufacture of non-wovens and articles made from non-wovens, except apparel";"Manuf. of non-wovens and -articles";""
"13.960";"13.96";"5";"Manufacture of other technical and industrial textiles";"Manuf. of other tech./ind. textiles";""
"13.990";"13.99";"5";"Manufacture of other textiles n.e.c.";"Manuf. of other textiles n.e.c.";""
"14";"C";"2";"Manufacture of wearing apparel";"Wearing apparel";""
"14.1";"14";"3";"Manufacture of wearing apparel, except fur apparel";"Manuf. of wearing app. exc. fur app.";""
"14.2";"14";"3";"Manufacture of articles of fur";"Manufacture of articles of fur";""
"14.3";"14";"3";"Manufacture of knitted and crocheted apparel";"Manuf. of knitted and crocheted app";""
"14.11";"14.1";"4";"Manufacture of leather clothes";"Manuf. of leather clothes";""
"14.12";"14.1";"4";"Manufacture of workwear";"Manufacture of workwear";""
"14.13";"14.1";"4";"Manufacture of other outerwear";"Manufacture of other outerwear";""
"14.14";"14.1";"4";"Manufacture of underwear";"Manufacture of underwear";""
"14.19";"14.1";"4";"Manufacture of other wearing apparel and accessories";"Manuf. of other wearing apparel";""
"14.20";"14.2";"4";"Manufacture of articles of fur";"Manufacture of articles of fur";""
"14.31";"14.3";"4";"Manufacture of knitted and crocheted hosiery";"Manuf. knitted and croch. hosiery";""
"14.39";"14.3";"4";"Manufacture of other knitted and crocheted apparel";"Other knitted and croch. apparel";""
"14.110";"14.11";"5";"Manufacture of leather clothes";"Manuf. of leather clothes";""
"14.120";"14.12";"5";"Manufacture of workwear";"Manufacture of workwear";""
"14.130";"14.13";"5";"Manufacture of other outerwear";"Manufacture of other outerwear";""
"14.140";"14.14";"5";"Manufacture of underwear";"Manufacture of underwear";""
"14.190";"14.19";"5";"Manufacture of other wearing apparel and accessories";"Manuf. of other wearing apparel";""
"14.200";"14.20";"5";"Manufacture of articles of fur";"Manufacture of articles of fur";""
"14.310";"14.31";"5";"Manufacture of knitted and crocheted hosiery";"Manuf. knitted and croch. hosiery";""
"14.390";"14.39";"5";"Manufacture of other knitted and crocheted apparel";"Other knitted and croch. apparel";""
"15";"C";"2";"Manufacture of leather and related products";"Leather and leather products";""
"15.1";"15";"3";"Tanning and dressing of leather; manufacture of luggage, handbags, saddlery and harness; dressing and dyeing of fur";"Tanning/dressing of leather etc.";""
"15.2";"15";"3";"Manufacture of footwear";"Manufacture of footwear";""
"15.11";"15.1";"4";"Tanning and dressing of leather; dressing and dyeing of fur";"Tanning/dressing of leather etc.";""
"15.12";"15.1";"4";"Manufacture of luggage, handbags and the like, saddlery and harness";"Manuf. of luggage, handbags etc.";""
"15.20";"15.2";"4";"Manufacture of footwear";"Manufacture of footwear";""
"15.110";"15.11";"5";"Tanning and dressing of leather; dressing and dyeing of fur";"Tanning/dressing of leather etc.";""
"15.120";"15.12";"5";"Manufacture of luggage, handbags and the like, saddlery and harness";"Manuf. of luggage, handbags etc.";""
"15.200";"15.20";"5";"Manufacture of footwear";"Manufacture of footwear";""
"16";"C";"2";"Manufacture of wood and products of wood and cork, except furniture; manufacture of articles of straw and plaiting materials, except furniture";"Wood and wood products";""
"16.1";"16";"3";"Sawing and planing of wood";"Sawing and planing of wood";""
"16.2";"16";"3";"Manufacture of products of wood, cork, straw and plaiting materials";"Manuf. of prod. of wood, cork etc.";""
"16.10";"16.1";"4";"Sawing and planing of wood";"Sawing and planing of wood";""
"16.21";"16.2";"4";"Manufacture of veneer sheets and wood-based materials";"Veneer sheets, wood-based materials";""
"16.22";"16.2";"4";"Manufacture of assembled parquet floors";"Manuf. of assembled parquet floors";""
"16.23";"16.2";"4";"Manufacture of other builders' carpentry and joinery";"Manuf. builders' carp./joinery etc.";""
"16.24";"16.2";"4";"Manufacture of wooden containers";"Manuf. of wooden containers";""
"16.29";"16.2";"4";"Manufacture of other products of wood; manufacture of articles of cork, straw and plaiting materials";"Other prod. of wood, cork, straw etc.";""
"16.100";"16.10";"5";"Sawing and planing of wood";"Sawing and planing of wood";""
"16.210";"16.21";"5";"Manufacture of veneer sheets and wood-based materials";"Veneer sheets, wood-based materials";""
"16.220";"16.22";"5";"Manufacture of assembled parquet floors";"Manuf. of assembled parquet floors";""
"16.231";"16.23";"5";"Manufacture of wooden prefabricated buildings";"Manuf. wooden prefabr. buildings";""
"16.232";"16.23";"5";"Manufacture of builders' carpentry and joinery";"Builders' carpentry and joinery";""
"16.240";"16.24";"5";"Manufacture of wooden containers";"Manuf. of wooden containers";""
"16.290";"16.29";"5";"Manufacture of other products of wood; manufacture of articles of cork, straw and plaiting materials";"Other prod. of wood, cork, straw etc.";""
"17";"C";"2";"Manufacture of paper and paper products";"Paper and paper products";""
"17.1";"17";"3";"Manufacture of pulp, paper and paperboard";"Manuf. of pulp/paper/paperboard";""
"17.2";"17";"3";"Manufacture of articles of paper and paperboard";"Manuf. of art. of paper/paperboard";""
"17.11";"17.1";"4";"Manufacture of pulp";"Manufacture of pulp";""
"17.12";"17.1";"4";"Manufacture of paper and paperboard";"Manuf. of paper and paperboard";""
"17.21";"17.2";"4";"Manufacture of corrugated paper and paperboard and of containers of paper and paperboard";"Manuf. of corrugat. paper and -board";""
"17.22";"17.2";"4";"Manufacture of household and sanitary goods and of toilet requisites";"Manuf. of household and sanitary goods";""
"17.23";"17.2";"4";"Manufacture of paper stationery";"Manuf. of paper stationery";""
"17.24";"17.2";"4";"Manufacture of wallpaper";"Manuf. of wallpaper";""
"17.29";"17.2";"4";"Manufacture of other articles of paper and paperboard";"Manuf. of other art. of paper/-board";""
"17.110";"17.11";"5";"Manufacture of pulp";"Manufacture of pulp";""
"17.120";"17.12";"5";"Manufacture of paper and paperboard";"Manuf. of paper and paperboard";""
"17.210";"17.21";"5";"Manufacture of corrugated paper and paperboard and of containers of paper and paperboard";"Manuf. of corrugat. paper and -board";""
"17.220";"17.22";"5";"Manufacture of household and sanitary goods and of toilet requisites";"Manuf. of household and sanitary goods";""
"17.230";"17.23";"5";"Manufacture of paper stationery";"Manuf. of paper stationery";""
"17.240";"17.24";"5";"Manufacture of wallpaper";"Manuf. of wallpaper";""
"17.290";"17.29";"5";"Manufacture of other articles of paper and paperboard";"Manuf. of other art. of paper/-board";""
"18";"C";"2";"Printing and reproduction of recorded media";"Printing and reproduction";""
"18.1";"18";"3";"Printing and service activities related to printing";"Printing and rel. service act.";""
"18.2";"18";"3";"Reproduction of recorded media";"Reprod. of recorded media";""
"18.11";"18.1";"4";"Printing of newspapers";"Printing of newspaper";""
"18.12";"18.1";"4";"Other printing";"Other printing";""
"18.13";"18.1";"4";"Pre-press and pre-media services";"Pre-press and pre-media services";""
"18.14";"18.1";"4";"Binding and related services";"Binding and related services";""
"18.20";"18.2";"4";"Reproduction of recorded media";"Reprod. of recorded media";""
"18.110";"18.11";"5";"Printing of newspapers";"Printing of newspaper";""
"18.120";"18.12";"5";"Other printing";"Other printing";""
"18.130";"18.13";"5";"Pre-press and pre-media services";"Pre-press and pre-media services";""
"18.140";"18.14";"5";"Binding and related services";"Binding and related services";""
"18.200";"18.20";"5";"Reproduction of recorded media";"Reprod. of recorded media";""
"19";"C";"2";"Manufacture of coke and refined petroleum products";"Refined petroleum products";""
"19.1";"19";"3";"Manufacture of coke oven products";"Manuf. of coke oven products";""
"19.2";"19";"3";"Manufacture of refined petroleum products";"Manuf. of refined petroleum prod.";""
"19.10";"19.1";"4";"Manufacture of coke oven products";"Manuf. of coke oven products";""
"19.20";"19.2";"4";"Manufacture of refined petroleum products";"Manuf. of refined petroleum prod.";""
"19.100";"19.10";"5";"Manufacture of coke oven products";"Manuf. of coke oven products";""
"19.200";"19.20";"5";"Manufacture of refined petroleum products";"Manuf. of refined petroleum prod.";""
"20";"C";"2";"Manufacture of chemicals and chemical products";"Chemicals, chemical products";""
"20.1";"20";"3";"Manufacture of basic chemicals, fertilisers and nitrogen compounds, plastics and synthetic rubber in primary forms";"Manufacture basic chemicals etc.";""
"20.2";"20";"3";"Manufacture of pesticides and other agrochemical products";"Manuf. of pesticides, agrochem prod.";""
"20.3";"20";"3";"Manufacture of paints, varnishes and similar coatings, printing ink and mastics";"Manuf. of paints,varnishes,coatings";""
"20.4";"20";"3";"Manufacture of soap and detergents, cleaning and polishing preparations, perfumes and toilet preparations";"Manuf. of soap, perfumes etc.";""
"20.5";"20";"3";"Manufacture of other chemical products";"Manuf. of other chemical products";""
"20.6";"20";"3";"Manufacture of man-made fibres";"Manuf. of man-made fibres";""
"20.11";"20.1";"4";"Manufacture of industrial gases";"Manuf. of industrial gases";""
"20.12";"20.1";"4";"Manufacture of dyes and pigments";"Manuf. of dyes and pigments";""
"20.13";"20.1";"4";"Manufacture of other inorganic basic chemicals";"Manuf. of other inorg. basic chem.";""
"20.14";"20.1";"4";"Manufacture of other organic basic chemicals";"Manuf. of other organic basic chem.";""
"20.15";"20.1";"4";"Manufacture of fertilisers and nitrogen compounds";"Fertilisers and nitrogen compounds";""
"20.16";"20.1";"4";"Manufacture of plastics in primary forms";"Manuf. of plastics in primary forms";""
"20.17";"20.1";"4";"Manufacture of synthetic rubber in primary forms";"Manuf. of synthetic rubber";""
"20.20";"20.2";"4";"Manufacture of pesticides and other agrochemical products";"Manuf. of pesticides, agrochem prod.";""
"20.30";"20.3";"4";"Manufacture of paints, varnishes and similar coatings, printing ink and mastics";"Manuf. of paints,varnishes,coatings";""
"20.41";"20.4";"4";"Manufacture of soap and detergents, cleaning and polishing preparations";"Soap, detergents, clean. prep. etc.";""
"20.42";"20.4";"4";"Manufacture of perfumes and toilet preparations";"Manuf. of perfumes, toilet prep.";""
"20.51";"20.5";"4";"Manufacture of explosives";"Manuf. of explosives";""
"20.52";"20.5";"4";"Manufacture of glues";"Manuf. of glues";""
"20.53";"20.5";"4";"Manufacture of essential oils";"Manuf. of essential oils";""
"20.59";"20.5";"4";"Manufacture of other chemical products n.e.c";"Manuf. of other chemical prod. n.e.c.";""
"20.60";"20.6";"4";"Manufacture of man-made fibres";"Manuf. of man-made fibres";""
"20.110";"20.11";"5";"Manufacture of industrial gases";"Manuf. of industrial gases";""
"20.120";"20.12";"5";"Manufacture of dyes and pigments";"Manuf. of dyes and pigments";""
"20.130";"20.13";"5";"Manufacture of other inorganic basic chemicals";"Manuf. of other inorg. basic chem.";""
"20.140";"20.14";"5";"Manufacture of other organic basic chemicals";"Manuf. of other organic basic chem.";""
"20.150";"20.15";"5";"Manufacture of fertilisers and nitrogen compounds";"Fertilisers and nitrogen compounds";""
"20.160";"20.16";"5";"Manufacture of plastics in primary forms";"Manuf. of plastics in primary forms";""
"20.170";"20.17";"5";"Manufacture of synthetic rubber in primary forms";"Manuf. of synthetic rubber";""
"20.200";"20.20";"5";"Manufacture of pesticides and other agrochemical products";"Manuf. of pesticides, agro-chem prod.";""
"20.300";"20.30";"5";"Manufacture of paints, varnishes and similar coatings, printing ink and mastics";"Manuf. of paints,varnishes,coatings";""
"20.410";"20.41";"5";"Manufacture of soap and detergents, cleaning and polishing preparations";"Soap, detergents, clean.prep. etc.";""
"20.420";"20.42";"5";"Manufacture of perfumes and toilet preparations";"Manuf. of perfumes, toilet prep.";""
"20.510";"20.51";"5";"Manufacture of explosives";"Manuf. of explosives";""
"20.520";"20.52";"5";"Manufacture of glues";"Manuf. of glues";""
"20.530";"20.53";"5";"Manufacture of essential oils";"Manuf. of essential oils";""
"20.590";"20.59";"5";"Manufacture of other chemical products n.e.c";"Manuf. of other chemical prod. n.e.c.";""
"20.600";"20.60";"5";"Manufacture of man-made fibres";"Manuf. of man-made fibres";""
"21";"C";"2";"Manufacture of basic pharmaceutical products and pharmaceutical preparations";"Pharmaceuticals";""
"21.1";"21";"3";"Manufacture of basic pharmaceutical products";"Manuf. of basic pharm. products";""
"21.2";"21";"3";"Manufacture of pharmaceutical preparations";"Manuf. of pharm. preparations";""
"21.10";"21.1";"4";"Manufacture of basic pharmaceutical products";"Manuf. of basic pharm. products";""
"21.20";"21.2";"4";"Manufacture of pharmaceutical preparations";"Manuf. of pharm. preparations";""
"21.100";"21.10";"5";"Manufacture of basic pharmaceutical products";"Manuf. of basic pharm. products";""
"21.200";"21.20";"5";"Manufacture of pharmaceutical preparations";"Manuf. of pharm. preparations";""
"22";"C";"2";"Manufacture of rubber and plastic products";"Rubber and plastic products";""
"22.1";"22";"3";"Manufacture of rubber products";"Manuf. of rubber products";""
"22.2";"22";"3";"Manufacture of plastic products";"Manuf. of plastic products";""
"22.11";"22.1";"4";"Manufacture of rubber tyres and tubes; retreading and rebuilding of rubber tyres";"Manuf. of rubber tyres and tubes etc";""
"22.19";"22.1";"4";"Manufacture of other rubber products";"Manuf. of other rubber products";""
"22.21";"22.2";"4";"Manufacture of plastic plates, sheets, tubes and profiles";"Manuf. of plastic plates, sheets etc.";""
"22.22";"22.2";"4";"Manufacture of plastic packing goods";"Manuf. of plastic packing goods";""
"22.23";"22.2";"4";"Manufacture of builders' ware of plastic";"Manuf. of builders' ware of plastic";""
"22.29";"22.2";"4";"Manufacture of other plastic products";"Manuf. of other plastic products";""
"22.110";"22.11";"5";"Manufacture of rubber tyres and tubes; retreading and rebuilding of rubber tyres";"Manuf. of rubber tyres and tubes etc";""
"22.190";"22.19";"5";"Manufacture of other rubber products";"Manuf. of other rubber products";""
"22.210";"22.21";"5";"Manufacture of plastic plates, sheets, tubes and profiles";"Manuf. of plastic plates, sheets etc.";""
"22.220";"22.22";"5";"Manufacture of plastic packing goods";"Manuf. of plastic packing goods";""
"22.230";"22.23";"5";"Manufacture of builders' ware of plastic";"Manuf. of builders' ware of plastic";""
"22.290";"22.29";"5";"Manufacture of other plastic products";"Manuf. of other plastic products";""
"23";"C";"2";"Manufacture of non-metallic mineral products";"Other non-metal mineral products";""
"23.1";"23";"3";"Manufacture of glass and glass products";"Manuf. of glass and glass products";""
"23.2";"23";"3";"Manufacture of refractory products";"Manuf. of refractory products";""
"23.3";"23";"3";"Manufacture of clay building materials";"Manuf. of clay building materials";""
"23.4";"23";"3";"Manufacture of other porcelain and ceramic products";"Manuf. of porcelain-/ceram.prod";""
"23.5";"23";"3";"Manufacture of cement, lime and plaster";"Manuf. of cement, lime and plaster";""
"23.6";"23";"3";"Manufacture of articles of concrete, cement and plaster";"Manuf. of concr./cement/plaster art.";""
"23.7";"23";"3";"Cutting, shaping and finishing of stone";"Cutting/shaping/finishing of stone";""
"23.9";"23";"3";"Manufacture of abrasive products and non-metallic mineral products n.e.c.";"Prod. of abrasive products etc";""
"23.11";"23.1";"4";"Manufacture of flat glass";"Manuf. of flat glass";""
"23.12";"23.1";"4";"Shaping and processing of flat glass";"Shaping, processing of flat glass";""
"23.13";"23.1";"4";"Manufacture of hollow glass";"Manuf. of hollow glass";""
"23.14";"23.1";"4";"Manufacture of glass fibres";"Manuf. of glass fibres";""
"23.19";"23.1";"4";"Manufacture and processing of other glass, including technical glassware";"Manuf. and process. of other glass";""
"23.20";"23.2";"4";"Manufacture of refractory products";"Manuf. of refractory products";""
"23.31";"23.3";"4";"Manufacture of ceramic tiles and flags";"Manuf. of ceramic tiles and flags";""
"23.32";"23.3";"4";"Manufacture of bricks, tiles and construction products, in baked clay";"Construction prod. in baked clay";""
"23.41";"23.4";"4";"Manufacture of ceramic household and ornamental articles";"Manuf. of ceramic househ. art. etc.";""
"23.42";"23.4";"4";"Manufacture of ceramic sanitary fixtures";"Manuf. of ceram. sanitary fixtures";""
"23.43";"23.4";"4";"Manufacture of ceramic insulators and insulating fittings";"Manuf. of ceram. insulators etc.";""
"23.44";"23.4";"4";"Manufacture of other technical ceramic products";"Manuf. of other tech. ceram. prod.";""
"23.49";"23.4";"4";"Manufacture of other ceramic products";"Manuf. of other ceramic prod.";""
"23.51";"23.5";"4";"Manufacture of cement";"Manuf. of cement";""
"23.52";"23.5";"4";"Manufacture of lime and plaster";"Manuf. of lime and plaster";""
"23.61";"23.6";"4";"Manufacture of concrete products for construction purposes";"Concrete prod. for construc. purposes";""
"23.62";"23.6";"4";"Manufacture of plaster products for construction purposes";"Plaster prod. for construc. purposes";""
"23.63";"23.6";"4";"Manufacture of ready-mixed concrete";"Manuf. of ready-mixed concrete";""
"23.64";"23.6";"4";"Manufacture of mortars";"Manuf. of mortars";""
"23.65";"23.6";"4";"Manufacture of fibre cement";"Manuf. of fibre cement";""
"23.69";"23.6";"4";"Manufacture of other articles of concrete, plaster and cement";"Manuf. of other art. of concrete etc.";""
"23.70";"23.7";"4";"Cutting, shaping and finishing of stone";"Cutting,shaping,finishing of stone";""
"23.91";"23.9";"4";"Production of abrasive products";"Prod. of abrasive products";""
"23.99";"23.9";"4";"Manufacture of other non-metallic mineral products n.e.c.";"Manuf. of other non-met. min. prod.";""
"23.110";"23.11";"5";"Manufacture of flat glass";"Manuf. of flat glass";""
"23.120";"23.12";"5";"Shaping and processing of flat glass";"Shaping, processing of flat glass";""
"23.130";"23.13";"5";"Manufacture of hollow glass";"Manuf. of hollow glass";""
"23.140";"23.14";"5";"Manufacture of glass fibres";"Manuf. of glass fibres";""
"23.190";"23.19";"5";"Manufacture and processing of other glass, including technical glassware";"Manuf. and process. of other glass";""
"23.200";"23.20";"5";"Manufacture of refractory products";"Manuf. of refractory products";""
"23.310";"23.31";"5";"Manufacture of ceramic tiles and flags";"Manuf. of ceramic tiles and flags";""
"23.320";"23.32";"5";"Manufacture of bricks, tiles and construction products, in baked clay";"Construction prod. in baked clay";""
"23.410";"23.41";"5";"Manufacture of ceramic household and ornamental articles";"Manuf. of ceramic househ. art. etc.";""
"23.420";"23.42";"5";"Manufacture of ceramic sanitary fixtures";"Manuf. of ceram. sanitary fixtures";""
"23.430";"23.43";"5";"Manufacture of ceramic insulators and insulating fittings";"Manuf. of ceram. insulators etc.";""
"23.440";"23.44";"5";"Manufacture of other technical ceramic products";"Manuf. of other tech. ceram. prod.";""
"23.490";"23.49";"5";"Manufacture of other ceramic products";"Manuf. of other ceramic prod.";""
"23.510";"23.51";"5";"Manufacture of cement";"Manuf. of cement";""
"23.520";"23.52";"5";"Manufacture of lime and plaster";"Manuf. of lime and plaster";""
"23.610";"23.61";"5";"Manufacture of concrete products for construction purposes";"Concrete prod. for construc. purposes";""
"23.620";"23.62";"5";"Manufacture of plaster products for construction purposes";"Plaster prod. for construc. purposes";""
"23.630";"23.63";"5";"Manufacture of ready-mixed concrete";"Manuf. of ready-mixed concrete";""
"23.640";"23.64";"5";"Manufacture of mortars";"Manuf. of mortars";""
"23.650";"23.65";"5";"Manufacture of fibre cement";"Manuf. of fibre cement";""
"23.690";"23.69";"5";"Manufacture of other articles of concrete, plaster and cement";"Manuf. of other art. of concrete etc.";""
"23.700";"23.70";"5";"Cutting, shaping and finishing of stone";"Cutting,shaping,finishing of stone";"Excludes: sted"
"23.910";"23.91";"5";"Production of abrasive products";"Prod. of abrasive products";""
"23.990";"23.99";"5";"Manufacture of other non-metallic mineral products n.e.c.";"Manuf. of other non-met. min. prod.";""
"24";"C";"2";"Manufacture of basic metals";"Basic metals";""
"24.1";"24";"3";"Manufacture of basic iron and steel and of ferro-alloys";"Manuf. of basic iron and steel etc.";""
"24.2";"24";"3";"Manufacture of tubes, pipes, hollow profiles and related fittings, of steel";"Tubes, pipes etc. of steel";""
"24.3";"24";"3";"Manufacture of other products of first processing of steel";"Other first processing of steel";""
"24.4";"24";"3";"Manufacture of basic precious and non-ferrous metals";"Manuf. of non-ferrous metals etc.";""
"24.5";"24";"3";"Casting of metals";"Casting of metals";""
"24.10";"24.1";"4";"Manufacture of basic iron and steel and of ferro-alloys";"Manuf. basic iron and steel etc.";""
"24.20";"24.2";"4";"Manufacture of tubes, pipes, hollow profiles and related fittings, of steel";"Tubes, pipes etc. of steel";""
"24.31";"24.3";"4";"Cold drawing of bars";"Cold drawing of bars";""
"24.32";"24.3";"4";"Cold rolling of narrow strips";"Cold rolling of narrow strips";""
"24.33";"24.3";"4";"Cold forming or folding";"Cold forming or folding";""
"24.34";"24.3";"4";"Cold drawing of wire";"Cold drawing of wire";""
"24.41";"24.4";"4";"Precious metals production";"Precious metals production";""
"24.42";"24.4";"4";"Aluminium production";"Aluminium production";""
"24.43";"24.4";"4";"Lead, zinc and tin production";"Lead, zink and tin production";""
"24.44";"24.4";"4";"Copper production";"Copper production";""
"24.45";"24.4";"4";"Other non-ferrous metal production";"Other non-ferrous metal production";""
"24.46";"24.4";"4";"Processing of nuclear fuel";"Processing of nuclear fuel";""
"24.51";"24.5";"4";"Casting of iron";"Casting of iron";""
"24.52";"24.5";"4";"Casting of steel";"Casting of steel";""
"24.53";"24.5";"4";"Casting of light metals";"Casting of light metals";""
"24.54";"24.5";"4";"Casting of other non-ferrous metals";"Casting of other non-ferr. metals";""
"24.101";"24.10";"5";"Manufacture of basic iron and steel";"Manuf. of basic iron and steel";""
"24.102";"24.10";"5";"Manufacture of ferro-alloys";"Manuf. of ferro-alloys";""
"24.200";"24.20";"5";"Manufacture of tubes, pipes, hollow profiles and related fittings, of steel";"Tubes, pipes etc. of steel";""
"24.310";"24.31";"5";"Cold drawing of bars";"Cold drawing of bars";""
"24.320";"24.32";"5";"Cold rolling of narrow strips";"Cold rolling of narrow strips";""
"24.330";"24.33";"5";"Cold forming or folding";"Cold forming or folding";""
"24.340";"24.34";"5";"Cold drawing of wire";"Cold drawing of wire";""
"24.410";"24.41";"5";"Precious metals production";"Precious metals production";""
"24.421";"24.42";"5";"Production of primary aluminium";"Prod. of primary aluminium";""
"24.422";"24.42";"5";"Production of first transformation of aluminium";"Prod. of first transf. of aluminium";""
"24.430";"24.43";"5";"Lead, zinc and tin production";"Lead, zink and tin production";""
"24.440";"24.44";"5";"Copper production";"Copper production";""
"24.450";"24.45";"5";"Other non-ferrous metal production";"Other non-ferrous metal production";""
"24.460";"24.46";"5";"Processing of nuclear fuel";"Processing of nuclear fuel";""
"24.510";"24.51";"5";"Casting of iron";"Casting of iron";""
"24.520";"24.52";"5";"Casting of steel";"Casting of steel";""
"24.530";"24.53";"5";"Casting of light metals";"Casting of light metals";""
"24.540";"24.54";"5";"Casting of other non-ferrous metals";"Casting of other non-ferr. metals";""
"25";"C";"2";"Manufacture of fabricated metal products, except machinery and equipment";"Fabricated metal prod.";""
"25.1";"25";"3";"Manufacture of structural metal products";"Manuf. of structural metal prod.";""
"25.2";"25";"3";"Manufacture of tanks, reservoirs and containers of metal";"Manuf. of tanks/reservoirs etc.";""
"25.3";"25";"3";"Manufacture of steam generators, except central heating hot water boilers";"Manuf. of steam generators etc";""
"25.4";"25";"3";"Manufacture of weapons and ammunition";"Manuf. of weapons and ammunition";""
"25.5";"25";"3";"Forging, pressing, stamping and roll-forming of metal; powder metallurgy";"Powder metallurgy etc.";""
"25.6";"25";"3";"Treatment and coating of metals; machining";"Treatm./coat. of metals; machining";""
"25.7";"25";"3";"Manufacture of cutlery, tools and general hardware";"Manuf. of cutlery, tools etc.";""
"25.9";"25";"3";"Manufacture of other fabricated metal products";"Manuf. of other fabr. metal prod.";""
"25.11";"25.1";"4";"Manufacture of metal structures and parts of structures";"Manuf. of metal structures, parts";""
"25.12";"25.1";"4";"Manufacture of doors and windows of metal";"Manuf. of doors/windows of metal";""
"25.21";"25.2";"4";"Manufacture of central heating radiators and boilers";"Manuf. of centr. heating radiators etc.";""
"25.29";"25.2";"4";"Manufacture of other tanks, reservoirs and containers of metal";"Other metal tanks, reservoirs etc.";""
"25.30";"25.3";"4";"Manufacture of steam generators, except central heating hot water boilers";"Manuf. of steam generators etc.";""
"25.40";"25.4";"4";"Manufacture of weapons and ammunition";"Manuf. of weapons and ammunition";""
"25.50";"25.5";"4";"Forging, pressing, stamping and roll-forming of metal; powder metallurgy";"Powder metallurgy etc.";""
"25.61";"25.6";"4";"Treatment and coating of metals";"Treatment and coating of metals";""
"25.62";"25.6";"4";"Machining";"Machining";""
"25.71";"25.7";"4";"Manufacture of cutlery";"Manuf. of cutlery";""
"25.72";"25.7";"4";"Manufacture of locks and hinges";"Manuf. of locks and hinges";""
"25.73";"25.7";"4";"Manufacture of tools";"Manuf. of tools";""
"25.91";"25.9";"4";"Manufacture of steel drums and similar containers";"Manuf. of steel drums etc.";""
"25.92";"25.9";"4";"Manufacture of light metal packaging";"Manuf. of light metal packaging";""
"25.93";"25.9";"4";"Manufacture of wire products, chain and springs";"Manuf. wire prod., chain and springs";""
"25.94";"25.9";"4";"Manufacture of fasteners and screw machine products";"Manuf. of fasteners etc.";""
"25.99";"25.9";"4";"Manufacture of other fabricated metal products n.e.c.";"Manuf. of other fabr. metal products";""
"25.110";"25.11";"5";"Manufacture of metal structures and parts of structures";"Manuf. of metal structures, parts";""
"25.120";"25.12";"5";"Manufacture of doors and windows of metal";"Manuf. of doors/windows of metal";""
"25.210";"25.21";"5";"Manufacture of central heating radiators and boilers";"Manuf. of centr. heating radiators etc.";""
"25.290";"25.29";"5";"Manufacture of other tanks, reservoirs and containers of metal";"Other metal tanks, reservoirs etc.";""
"25.300";"25.30";"5";"Manufacture of steam generators, except central heating hot water boilers";"Manuf. of steam generators etc.";""
"25.400";"25.40";"5";"Manufacture of weapons and ammunition";"Manuf. of weapons and ammunition";""
"25.500";"25.50";"5";"Forging, pressing, stamping and roll-forming of metal; powder metallurgy";"Powder metallurgy";""
"25.610";"25.61";"5";"Treatment and coating of metals";"Treatment and coating of metals";""
"25.620";"25.62";"5";"Machining";"Machining";""
"25.710";"25.71";"5";"Manufacture of cutlery";"Manuf. of cutlery";""
"25.720";"25.72";"5";"Manufacture of locks and hinges";"Manuf. of locks and hinges";""
"25.730";"25.73";"5";"Manufacture of tools";"Manuf. of tools";""
"25.910";"25.91";"5";"Manufacture of steel drums and similar containers";"Manuf. of steel drums etc.";""
"25.920";"25.92";"5";"Manufacture of light metal packaging";"Manuf. of light metal packing";""
"25.930";"25.93";"5";"Manufacture of wire products, chain and springs";"Manuf. wire prod., chain and springs";""
"25.940";"25.94";"5";"Manufacture of fasteners and screw machine products";"Manuf. of fasteners etc.";""
"25.990";"25.99";"5";"Manufacture of other fabricated metal products n.e.c.";"Manuf. of other fabr. metal products";""
"26";"C";"2";"Manufacture of computer, electronic and optical products";"Electronic and optical products";""
"26.1";"26";"3";"Manufacture of electronic components and boards";"Manuf. of electronic comp./boards";""
"26.2";"26";"3";"Manufacture of computers and peripheral equipment";"Manuf. of computers/periph. equip.";""
"26.3";"26";"3";"Manufacture of communication equipment";"Manuf. of communication equipment";""
"26.4";"26";"3";"Manufacture of consumer electronics";"Manuf. of consumer electronics";""
"26.5";"26";"3";"Manufacture of instruments and appliances for measuring; testing and navigation; watches and clocks";"Manuf of testing instr./appliances";""
"26.6";"26";"3";"Manufacture of irradiation, electromedical and electrotherapeutic equipment";"Electromed./electrotherapeut. equip.";""
"26.7";"26";"3";"Manufacture of optical instruments and photographic equipment";"Optical and photographic equip.";""
"26.8";"26";"3";"Manufacture of magnetic and optical media";"Manuf. of magnetic/optical media";""
"26.11";"26.1";"4";"Manufacture of electronic components";"Manuf. of electronic components";""
"26.12";"26.1";"4";"Manufacture of loaded electronic boards";"Manuf. of loaded electronic boards";""
"26.20";"26.2";"4";"Manufacture of computers and peripheral equipment";"Manuf. of computers/periph. equip.";""
"26.30";"26.3";"4";"Manufacture of communication equipment";"Manuf. of communication equipment";""
"26.40";"26.4";"4";"Manufacture of consumer electronics";"Manuf. of consumer electronics";""
"26.51";"26.5";"4";"Manufacture of instruments and appliances for measuring, testing and navigation";"Measuring, testing, navig. instrum.";""
"26.52";"26.5";"4";"Manufacture of watches and clocks";"Manuf. of watches and clocks";""
"26.60";"26.6";"4";"Manufacture of irridation, electromedical and electrotherapeutic equipment";"Electromed./electrotherapeut. equip.";""
"26.70";"26.7";"4";"Manufacture of optical instruments and photographic equipment";"Optical and photographic equip.";""
"26.80";"26.8";"4";"Manufacture of magnetic and optical media";"Manuf. of magnetic/optical media";""
"26.110";"26.11";"5";"Manufacture of electronic components";"Manuf. of electronic components";""
"26.120";"26.12";"5";"Manufacture of loaded electronic boards";"Manuf. of loaded electronic boards";""
"26.200";"26.20";"5";"Manufacture of computers and peripheral equipment";"Manuf. of computers/periph. equip.";""
"26.300";"26.30";"5";"Manufacture of communication equipment";"Manuf. of communication equipment";""
"26.400";"26.40";"5";"Manufacture of consumer electronics";"Manuf. of consumer electronics";""
"26.510";"26.51";"5";"Manufacture of instruments and appliances for measuring, testing and navigation";"Measuring, testing, navig. instrum.";""
"26.520";"26.52";"5";"Manufacture of watches and clocks";"Manuf. of watches and clocks";""
"26.600";"26.60";"5";"Manufacture of irridation, electromedical and electrotherapeutic equipment";"Electromed./electrotherapeut. equip.";""
"26.700";"26.70";"5";"Manufacture of optical instruments and photographic equipment";"Optical and photographic equip.";""
"26.800";"26.80";"5";"Manufacture of magnetic and optical media";"Manuf. of magnetic/optical media";""
"27";"C";"2";"Manufacture of electrical equipment";"Electrical equipment";""
"27.1";"27";"3";"Manufacture of electric motors, generators, transformers and electricity distribution and control apparatus";"Manuf. of elec. motors,generators etc.";""
"27.2";"27";"3";"Manufacture of batteries and accumulators";"Manuf. of batteries and accumulators";""
"27.3";"27";"3";"Manufacture of wiring and wiring devices";"Manuf. of wiring and wiring devices";""
"27.4";"27";"3";"Manufacture of electric lighting equipment";"Manuf. of electric lighting equip.";""
"27.5";"27";"3";"Manufacture of domestic appliances";"Manuf. of domestic appliances";""
"27.9";"27";"3";"Manufacture of other electrical equipment";"Manuf. of other electrical equip.";""
"27.11";"27.1";"4";"Manufacture of electric motors, generators and transformers";"Electric motors, generators etc.";""
"27.12";"27.1";"4";"Manufacture of electricity distribution and control apparatus";"Elec. distrib. and control apparatus";""
"27.20";"27.2";"4";"Manufacture of batteries and accumulators";"Manuf. of batteries and accumulators";""
"27.31";"27.3";"4";"Manufacture of fibre optic cables";"Manuf. of fibre optic cables";""
"27.32";"27.3";"4";"Manufacture of other electronic and electric wires and cables";"Other electron./electric wires/cables";""
"27.33";"27.3";"4";"Manufacture of wiring devices";"Manuf. of wiring devices";""
"27.40";"27.4";"4";"Manufacture of electric lighting equipment";"Manuf. of electric lighting equip.";""
"27.51";"27.5";"4";"Manufacture of electric domestic appliances";"Manuf. elec. domestic appliances";""
"27.52";"27.5";"4";"Manufacture of non-electric domestic appliances";"Manuf. non-elec. domestic appliances";""
"27.90";"27.9";"4";"Manufacture of other electrical equipment";"Manuf. of other electrical equip.";""
"27.110";"27.11";"5";"Manufacture of electric motors, generators and transformers";"Electric motors, generators etc.";""
"27.120";"27.12";"5";"Manufacture of electricity distribution and control apparatus";"Elec. distrib. and control apparatus";""
"27.200";"27.20";"5";"Manufacture of batteries and accumulators";"Manuf. of batteries and accumulators";""
"27.310";"27.31";"5";"Manufacture of fibre optic cables";"Manuf. of fibre optic cables";""
"27.320";"27.32";"5";"Manufacture of other electronic and electric wires and cables";"Other electron./electric wires/cables";""
"27.330";"27.33";"5";"Manufacture of wiring devices";"Manuf. of wiring devices";""
"27.400";"27.40";"5";"Manufacture of electric lighting equipment";"Manuf. of electric lighting equip.";""
"27.510";"27.51";"5";"Manufacture of electric domestic appliances";"Manuf. elec. domestic appliances";""
"27.520";"27.52";"5";"Manufacture of non-electric domestic appliances";"Manuf. non-elec. domestic appliances";""
"27.900";"27.90";"5";"Manufacture of other electrical equipment";"Manuf. of other electrical equip.";""
"28";"C";"2";"Manufacture of machinery and equipment n.e.c.";"Machinery and equipment";""
"28.1";"28";"3";"Manufacture of general-purpose machinery";"Manuf. of gen.-purpose machinery";""
"28.2";"28";"3";"Manufacture of other general-purpose machinery";"Manuf. of other gen. purp. machin.";""
"28.3";"28";"3";"Manufacture of agricultural and forestry machinery";"Manuf. of agric., forestry machinery";""
"28.4";"28";"3";"Manufacture of metal forming machinery and machine tools";"Manuf. of metal form.mach. etc.";""
"28.9";"28";"3";"Manufacture of other special-purpose machinery";"Manuf. of other spec.-purp. mach.";""
"28.11";"28.1";"4";"Manufacture of engines and turbines, except aircraft, vehicle and cycle engines";"Manuf. of engines and turbines";""
"28.12";"28.1";"4";"Manufacture of fluid power equipment";"Manuf. of fluid power equip.";""
"28.13";"28.1";"4";"Manufacture of other pumps and compressors";"Manuf. of other pumps, compressors";""
"28.14";"28.1";"4";"Manufacture of taps and valves";"Manuf. of taps and valves";""
"28.15";"28.1";"4";"Manufacture of bearings, gears, gearing and driving elements";"Bearings, gears, gear./driv. elements";""
"28.21";"28.2";"4";"Manufacture of ovens, furnaces and furnace burners";"Ovens, furnaces and furnace burners";""
"28.22";"28.2";"4";"Manufacture of lifting and handling equipment";"Manuf. lifting/handling equip.";""
"28.23";"28.2";"4";"Manufacture of office machinery and equipment (except computers and peripheral equipment)";"Manuf. of office mach. and equip.";""
"28.24";"28.2";"4";"Manufacture of power-driven equipment";"Manuf. of power-driven equip.";""
"28.25";"28.2";"4";"Manufacture of non-domestic cooling and ventilation equipment";"Non-domestic. cool./ventil. equip.";""
"28.29";"28.2";"4";"Manufacture of other general-purpose machinery n.e.c.";"Other gen-purp. machinery n.e.c.";""
"28.30";"28.3";"4";"Manufacture of agricultural and forestry machinery";"Manuf. of agric., forestry machinery";""
"28.41";"28.4";"4";"Manufacture of metal forming machinery";"Manuf. metal forming machinery";""
"28.49";"28.4";"4";"Manufacture of other machine tools";"Manuf. of other machine tools";""
"28.91";"28.9";"4";"Manufacture of machinery for metallurgy";"Manuf. mach. for metallurgy";""
"28.92";"28.9";"4";"Manufacture of machinery for mining, quarrying and construction";"Manuf. mach. mining/quarry./constr.";""
"28.93";"28.9";"4";"Manufacture of machinery for food, beverage and tobacco processing";"Manuf. mach. food/beverages/tobacco";""
"28.94";"28.9";"4";"Manufacture of machinery for textile, apparel and leather production";"Manuf. mach. text./appar./leather prod.";""
"28.95";"28.9";"4";"Manufacture of machinery for paper and paperboard production";"Manuf. mach paper/paperboard prod.";""
"28.96";"28.9";"4";"Manufacture of plastics and rubber machinery";"Manuf. plastics and rubber mach.";""
"28.99";"28.9";"4";"Manufacture of other special-purpose machinery n.e.c.";"Manuf. other spec. purp. mach.";""
"28.110";"28.11";"5";"Manufacture of engines and turbines, except aircraft, vehicle and cycle engines";"Manuf. of engines and turbines";""
"28.120";"28.12";"5";"Manufacture of fluid power equipment";"Manuf. of fluid power equip.";""
"28.130";"28.13";"5";"Manufacture of other pumps and compressors";"Manuf. of other pumps, compressors";""
"28.140";"28.14";"5";"Manufacture of taps and valves";"Manuf. of taps and valves";""
"28.150";"28.15";"5";"Manufacture of bearings, gears, gearing and driving elements";"Bearings, gears, gear./driv. elements";""
"28.210";"28.21";"5";"Manufacture of ovens, furnaces and furnace burners";"Ovens, furnaces and furnace burners";""
"28.221";"28.22";"5";"Manufacture of marine lifting and handling equipment";"Marine lifting/handling equip.";""
"28.229";"28.22";"5";"Manufacture of other lifting and handling equipment";"Other lifting/handling equip.";""
"28.230";"28.23";"5";"Manufacture of office machinery and equipment (except computers and peripheral equipment)";"Manuf. of office mach. and equip.";""
"28.240";"28.24";"5";"Manufacture of power-driven equipment";"Manuf. of power-driven equip.";""
"28.250";"28.25";"5";"Manufacture of non-domestic cooling and ventilation equipment";"Non-domestic. cool./ventil. equip.";""
"28.290";"28.29";"5";"Manufacture of other general-purpose machinery n.e.c.";"Other gen-purp. machinery n.e.c.";""
"28.300";"28.30";"5";"Manufacture of agricultural and forestry machinery";"Manuf. of agric., forestry machinery";""
"28.410";"28.41";"5";"Manufacture of metal forming machinery";"Manuf. metal forming machinery";""
"28.490";"28.49";"5";"Manufacture of other machine tools";"Manuf. of other machine tools";""
"28.910";"28.91";"5";"Manufacture of machinery for metallurgy";"Manuf. mach. for metallurgy";""
"28.920";"28.92";"5";"Manufacture of machinery for mining, quarrying and construction";"Manuf. mach. mining/quarr./constr.";""
"28.930";"28.93";"5";"Manufacture of machinery for food, beverage and tobacco processing";"Manuf. mach. food/beverages/tobacco";""
"28.940";"28.94";"5";"Manufacture of machinery for textile, apparel and leather production";"Manuf. mach. text./appar./leather prod.";""
"28.950";"28.95";"5";"Manufacture of machinery for paper and paperboard production";"Manuf. mach paper/paperboard prod.";""
"28.960";"28.96";"5";"Manufacture of plastics and rubber machinery";"Manuf. plastics and rubber mach";""
"28.990";"28.99";"5";"Manufacture of other special-purpose machinery n.e.c.";"Manuf. other spec. purp. mach.";""
"29";"C";"2";"Manufacture of motor vehicles, trailers and semi-trailers";"Motor vehicles etc.";""
"29.1";"29";"3";"Manufacture of motor vehicles";"Manuf. of motor vehicles";""
"29.2";"29";"3";"Manufacture of bodies (coachwork) for motor vehicles; manufacture of trailers and semi-trailers";"Bodies for motor vehicles etc.";""
"29.3";"29";"3";"Manufacture of parts and accessories for motor vehicles";"Parts/access. for motor vehicles";""
"29.10";"29.1";"4";"Manufacture of motor vehicles";"Manuf. of motor vehicles";""
"29.20";"29.2";"4";"Manufacture of bodies (coachwork) for motor vehicles; manufacture of trailers and semi-trailers";"Bodies for motor vehicles etc.";""
"29.31";"29.3";"4";"Manufacture of electrical and electronic equipment for motor vehicles";"Electric/electron. equip. motor veh.";""
"29.32";"29.3";"4";"Manufacture of other parts and accessories for motor vehicles";"Other parts/access. for motor veh.";""
"29.100";"29.10";"5";"Manufacture of motor vehicles";"Manuf. of motor vehicles";""
"29.200";"29.20";"5";"Manufacture of bodies (coachwork) for motor vehicles; manufacture of trailers and semi-trailers";"Bodies for motor vehicles etc.";""
"29.310";"29.31";"5";"Manufacture of electrical and electronic equipment for motor vehicles";"Electric/electron. equip. motor veh.";""
"29.320";"29.32";"5";"Manufacture of other parts and accessories for motor vehicles";"Other parts/access. for motor veh.";""
"30";"C";"2";"Manufacture of other transport equipment";"Other transport equipment";""
"30.1";"30";"3";"Building of ships and boats";"Building of ships and boats";""
"30.2";"30";"3";"Manufacture of railway locomotives and rolling stock";"Manuf. of locom. and rolling stock";""
"30.3";"30";"3";"Manufacture of air and spacecraft and related machinery";"Air/space craft rel. machinery";""
"30.4";"30";"3";"Manufacture of military fighting machinery";"Manuf. of military fight. mach.";""
"30.9";"30";"3";"Manufacture of transport equipment n.e.c.";"Manuf. of transport equip. n.e.c.";""
"30.11";"30.1";"4";"Building of ships and floating structures";"Build. ships/floating struct.";""
"30.12";"30.1";"4";"Building of pleasure and sporting boats";"Build. pleasure/sporting boats";""
"30.20";"30.2";"4";"Manufacture of railway locomotives and rolling stock";"Manuf. of locom. and rolling stock";""
"30.30";"30.3";"4";"Manufacture of air and spacecraft and related machinery";"Air/space craft rel. machinery";""
"30.40";"30.4";"4";"Manufacture of military fighting machinery";"Manuf. of military fight. mach.";""
"30.91";"30.9";"4";"Manufacture of motorcycles";"Manuf. of motorcycles";""
"30.92";"30.9";"4";"Manufacture of bicycles and invalid carriages";"Manuf. bicycles/invalid carriages";""
"30.99";"30.9";"4";"Manufacture of other transport equipment n.e.c.";"Manuf. other transp. equip. n.e.c.";""
"30.111";"30.11";"5";"Building of ships and hulls more than 100 g.r.tons";"Build. ships/hulls 100 g.r. tons +";""
"30.112";"30.11";"5";"Building of ships less than 100 g.r.tons";"Build. ships less than 100 g.r. tons";""
"30.113";"30.11";"5";"Building of oil-platforms and modules";"Build. platforms and modules";""
"30.114";"30.11";"5";"Manufacture of other floating equipment";"Manuf. of other floating equip.";""
"30.115";"30.11";"5";"Installation and completion work on ships more than 100 g.r.tons";"Install. on ships more than 100 g.r. tons";""
"30.116";"30.11";"5";"Installation and completion work on platforms and modules";"Install. on platforms and modules";""
"30.120";"30.12";"5";"Building of pleasure and sporting boats";"Build. pleasure/sporting boats";""
"30.200";"30.20";"5";"Manufacture of railway locomotives and rolling stock";"Manuf. of locom. and rolling stock";""
"30.300";"30.30";"5";"Manufacture of air and spacecraft and related machinery";"Air/space craft rel. machinery";""
"30.400";"30.40";"5";"Manufacture of military fighting machinery";"Manuf. of military fight. mach.";""
"30.910";"30.91";"5";"Manufacture of motorcycles";"Manuf. of motorcycles";""
"30.920";"30.92";"5";"Manufacture of bicycles and invalid carriages";"Manuf. bicycles/invalid carriages";""
"30.990";"30.99";"5";"Manufacture of other transport equipment n.e.c.";"Manuf. other transp. equip. n.e.c.";""
"31";"C";"2";"Manufacture of furniture";"Furniture";""
"31.0";"31";"3";"Manufacture of furniture";"Manuf. of furniture";""
"31.01";"31.0";"4";"Manufacture of office and shop furniture";"Manuf. office and shop furniture";""
"31.02";"31.0";"4";"Manufacture of kitchen furniture";"Manuf. of kitchen furniture";""
"31.03";"31.0";"4";"Manufacture of mattresses";"Manuf. of mattresses";""
"31.09";"31.0";"4";"Manufacture of other furniture";"Manuf. of other furniture";""
"31.010";"31.01";"5";"Manufacture of office and shop furniture";"Manuf. office and shop furniture";""
"31.020";"31.02";"5";"Manufacture of kitchen furniture";"Manuf. of kitchen furniture";""
"31.030";"31.03";"5";"Manufacture of mattresses";"Manuf. of mattresses";""
"31.090";"31.09";"5";"Manufacture of other furniture";"Manuf. of other furniture";""
"32";"C";"2";"Other manufacturing";"Other manufacturing";""
"32.1";"32";"3";"Manufacture of jewellery, bijouterie and related articles";"Manuf. of jewellery and rel.art.";""
"32.2";"32";"3";"Manufacture of musical instruments";"Manuf. of musical instruments";""
"32.3";"32";"3";"Manufacture of sports goods";"Manuf. of sports goods";""
"32.4";"32";"3";"Manufacture of games and toys";"Manuf. of games and toys";""
"32.5";"32";"3";"Manufacture of medical and dental instruments and supplies";"Manuf. of med./dental instr. etc.";""
"32.9";"32";"3";"Manufacturing n.e.c.";"Manufacturing n.e.c.";""
"32.11";"32.1";"4";"Striking of coins";"Striking of coins";""
"32.12";"32.1";"4";"Manufacture of jewellery and related articles";"Manuf. jewellery and rel. art.";""
"32.13";"32.1";"4";"Manufacture of imitation jewellery and related articles";"Manuf. imit. jewellery/re. art.";""
"32.20";"32.2";"4";"Manufacture of musical instruments";"Manuf. of musical instruments";""
"32.30";"32.3";"4";"Manufacture of sports goods";"Manuf. of sports goods";""
"32.40";"32.4";"4";"Manufacture of games and toys";"Manuf. of games and toys";""
"32.50";"32.5";"4";"Manufacture of medical and dental instruments and supplies";"Manuf. of med./dental instr. etc.";""
"32.91";"32.9";"4";"Manufacture of brooms and brushes";"Manuf. brooms and brushes";""
"32.99";"32.9";"4";"Other manufacturing n.e.c.";"Manufacturing n.e.c.";""
"32.110";"32.11";"5";"Striking of coins";"Striking of coins";""
"32.120";"32.12";"5";"Manufacture of jewellery and related articles";"Manuf. jewellery and rel.art.";""
"32.130";"32.13";"5";"Manufacture of imitation jewellery and related articles";"Manuf. imit. jewellery/rel.art.";""
"32.200";"32.20";"5";"Manufacture of musical instruments";"Manuf. of musical instruments";""
"32.300";"32.30";"5";"Manufacture of sports goods";"Manuf. of sports goods";""
"32.400";"32.40";"5";"Manufacture of games and toys";"Manuf. of games and toys";""
"32.500";"32.50";"5";"Manufacture of medical and dental instruments and supplies";"Manuf. of med./dental instr. etc.";""
"32.910";"32.91";"5";"Manufacture of brooms and brushes";"Manuf. brooms and brushes";""
"32.990";"32.99";"5";"Other manufacturing n.e.c.";"Manufacturing n.e.c.";""
"33";"C";"2";"Repair and installation of machinery and equipment";"Repair, installation of machinery";""
"33.1";"33";"3";"Repair of fabricated metal products, machinery and equipment";"Rep. of fabr. metal prod., mach. etc.";""
"33.2";"33";"3";"Installation of industrial machinery and equipment";"Install. of ind. mach. and equip.";""
"33.11";"33.1";"4";"Repair of fabricated metal products";"Rep. of fabricated metal prod.";""
"33.12";"33.1";"4";"Repair of machinery";"Rep. of machinery";""
"33.13";"33.1";"4";"Repair of electronic and optical equipment";"Rep. of electron. and optical equip.";""
"33.14";"33.1";"4";"Repair of electrical equipment";"Rep. of electrical equip.";""
"33.15";"33.1";"4";"Repair and maintenance of ships and boats";"Rep./maint. of ships and boats";""
"33.16";"33.1";"4";"Repair and maintenance of aircraft and spacecraft";"Rep./maint. aircraft and spacecraft";""
"33.17";"33.1";"4";"Repair and maintenance of other transport equipment";"Rep./maint. other transp. equip.";""
"33.19";"33.1";"4";"Repair of other equipment";"Rep. of other equip.";""
"33.20";"33.2";"4";"Installation of industrial machinery and equipment";"Install. of ind. mach. and equip.";""
"33.110";"33.11";"5";"Repair of fabricated metal products";"Rep. of fabricated metal prod";""
"33.120";"33.12";"5";"Repair of machinery";"Rep. of machinery";""
"33.130";"33.13";"5";"Repair of electronic and optical equipment";"Rep. of electron. and optical equip.";""
"33.140";"33.14";"5";"Repair of electrical equipment";"Rep. of electrical equip.";""
"33.150";"33.15";"5";"Repair and maintenance of ships and boats";"Rep./maint. of ships and boats";""
"33.160";"33.16";"5";"Repair and maintenance of aircraft and spacecraft";"Rep./maint. aircraft and spacecraft";""
"33.170";"33.17";"5";"Repair and maintenance of other transport equipment";"Rep./maint. other transp. equip.";""
"33.190";"33.19";"5";"Repair of other equipment";"Rep. of other equip.";""
"33.200";"33.20";"5";"Installation of industrial machinery and equipment";"Install. of ind. mach. and equip.";""
"35";"D";"2";"Electricity, gas, steam and air conditioning supply";"Electricity, gas and steam";""
"35.1";"35";"3";"Electric power generation, transmission and distribution";"El.power gen., transm. and distrib.";""
"35.2";"35";"3";"Manufacture of gas; distribution of gaseous fuels through mains";"Manuf. of gas/distrib. through mains";""
"35.3";"35";"3";"Steam and air conditioning supply";"Steam and air conditioning supply";""
"35.11";"35.1";"4";"Production of electricity";"Prod of electricity";""
"35.12";"35.1";"4";"Transmission of electricity";"Transmission of electricity";""
"35.13";"35.1";"4";"Distribution of electricity";"Distrib. of electricity";""
"35.14";"35.1";"4";"Trade of electricity";"Trade of electricity";""
"35.21";"35.2";"4";"Manufacture of gas";"Manuf. of gas";""
"35.22";"35.2";"4";"Distribution of gaseous fuels through mains";"Distrib. gaseous fuels through mains";""
"35.23";"35.2";"4";"Trade of gas through mains";"Trade of gas through mains";""
"35.30";"35.3";"4";"Steam and air conditioning supply";"Steam and air conditioning supply";""
"35.111";"35.11";"5";"Production of electricity through water power";"Prod. elec. through water power";""
"35.112";"35.11";"5";"Production of electricity through wind power";"Prod. elec. through wind power";""
"35.113";"35.11";"5";"Production of electricity through biofuel";"Prod. elec. through biofuel";""
"35.114";"35.11";"5";"Production of electricity through natural gas";"Prod. elec. through natural gas";""
"35.119";"35.11";"5";"Other production of electricity";"Other prod. of electricity";""
"35.120";"35.12";"5";"Transmission of electricity";"Transmission of electricity";""
"35.130";"35.13";"5";"Distribution of electricity";"Distrib. of electricity";""
"35.140";"35.14";"5";"Trade of electricity";"Trade of electricity";""
"35.210";"35.21";"5";"Manufacture of gas";"Manuf. of gas";""
"35.220";"35.22";"5";"Distribution of gaseous fuels through mains";"Distrib. gaseous fuels through mains";""
"35.230";"35.23";"5";"Trade of gas through mains";"Trade of gas through mains";""
"35.300";"35.30";"5";"Steam and air conditioning supply";"Steam and air conditioning supply";""
"36";"E";"2";"Water collection, treatment and supply";"Water supply";""
"36.0";"36";"3";"Water collection, treatment and supply";"Water supply";""
"36.00";"36.0";"4";"Water collection, treatment and supply";"Water supply";""
"36.000";"36.00";"5";"Water collection, treatment and supply";"Water supply";""
"37";"E";"2";"Sewerage";"Sewerage";""
"37.0";"37";"3";"Sewerage";"Sewerage";""
"37.00";"37.0";"4";"Sewerage";"Sewerage";""
"37.000";"37.00";"5";"Sewerage";"Sewerage";""
"38";"E";"2";"Waste collection, treatment and disposal activities, materials recovery";"Waste act., materials recovery";""
"38.1";"38";"3";"Waste collection";"Waste collection";""
"38.2";"38";"3";"Waste treatment and disposal";"Waste treatment and disposal";""
"38.3";"38";"3";"Materials recovery";"Materials recovery";""
"38.11";"38.1";"4";"Collection of non-hazardous waste";"Coll. of non-hazardous waste";""
"38.12";"38.1";"4";"Collection of hazardous waste";"Coll. of hazardous waste";""
"38.21";"38.2";"4";"Treatment and disposal of non-hazardous waste";"Treat./disp. of non-hazard. waste";""
"38.22";"38.2";"4";"Treatment and disposal of hazardous waste";"Treat./disp. of hazardous waste";""
"38.31";"38.3";"4";"Dismantling of wrecks";"Dismantling of wrecks";""
"38.32";"38.3";"4";"Recovering of sorted materials";"Recov. of sorted materials";""
"38.110";"38.11";"5";"Collection of non-hazardous waste";"Coll. of non-hazardous waste";""
"38.120";"38.12";"5";"Collection of hazardous waste";"Coll. of hazardous waste";""
"38.210";"38.21";"5";"Treatment and disposal of non-hazardous waste";"Treat./disp. of non-hazard. waste";""
"38.220";"38.22";"5";"Treatment and disposal of hazardous waste";"Treat./disp. of hazardous waste";""
"38.310";"38.31";"5";"Dismantling of wrecks";"Dismantling of wrecks";""
"38.320";"38.32";"5";"Recovering of sorted materials";"Recov. of sorted materials";""
"39";"E";"2";"Remediation activities and other waste management services";"Remediation, other waste managem.";""
"39.0";"39";"3";"Remediation activities and other waste management services";"Remediation, other waste managem.";""
"39.00";"39.0";"4";"Remediation activities and other waste management services";"Remediation, other waste managem.";""
"39.000";"39.00";"5";"Remediation activities and other waste management services";"Remediation, other waste managem.";""
"41";"F";"2";"Construction of buildings";"Construction of buildings";""
"41.1";"41";"3";"Development of building projects";"Development of building projects";""
"41.2";"41";"3";"Construction of residential and non-residential buildings";"Construction of buildings";""
"41.10";"41.1";"4";"Development of building projects";"Development of building projects";""
"41.20";"41.2";"4";"Construction of residential and non-residential buildings";"Construction of buildings";""
"41.101";"41.10";"5";"House building cooperative";"House building cooperative";""
"41.109";"41.10";"5";"Other development and sale of real estate";"Other developm./sale of real estate";""
"41.200";"41.20";"5";"Construction of residential and non-residential buildings";"Construction of buildings";""
"42";"F";"2";"Civil engineering";"Civil engineering";""
"42.1";"42";"3";"Construction of roads and railways";"Constr. of roads and railways";""
"42.2";"42";"3";"Construction of utility projects";"Constr. of utility projects";""
"42.9";"42";"3";"Construction of other civil engineering projects";"Construc. of other civ.eng.proj.";""
"42.11";"42.1";"4";"Construction of roads and motorways";"Construc. of roads and motorways";""
"42.12";"42.1";"4";"Construction of railways and underground railways";"Construc. railways etc.";""
"42.13";"42.1";"4";"Construction of bridges and tunnels";"Construc. bridges and tunnels";""
"42.21";"42.2";"4";"Construction of utility projects for fluids";"Construc. utility proj. for fluids";""
"42.22";"42.2";"4";"Construction of utility projects for electricity and telecommunications";"Constr. utility proj. el./telecomm.";""
"42.91";"42.9";"4";"Construction of water projects";"Construc. of water projects";""
"42.99";"42.9";"4";"Construction of other civil engineering projects n.e.c.";"Construc. other civ. eng. proj. n.e.c.";""
"42.110";"42.11";"5";"Construction of roads and motorways";"Construc. of roads and motorways";""
"42.120";"42.12";"5";"Construction of railways and underground railways";"Construc. railways etc.";""
"42.130";"42.13";"5";"Construction of bridges and tunnels";"Construc. bridges and tunnels";""
"42.210";"42.21";"5";"Construction of utility projects for fluids";"Construc. utility proj. for fluids";""
"42.220";"42.22";"5";"Construction of utility projects for electricity and telecommunications";"Constr. utility proj. el./telecomm.";""
"42.910";"42.91";"5";"Construction of water projects";"Construc. of water projects";""
"42.990";"42.99";"5";"Construction of other civil engineering projects n.e.c.";"Construc. other civ.eng. proj. n.e.c.";""
"43";"F";"2";"Specialised construction activities";"Specialised construction activities";""
"43.1";"43";"3";"Demolition and site preparation";"Demolition and site preparation";""
"43.2";"43";"3";"Electrical, plumbing and other construction installation activities";"Building installation";""
"43.3";"43";"3";"Building completion and finishing";"Building completion and finishing";""
"43.9";"43";"3";"Other specialised construction activities";"Other spec. construction act.";""
"43.11";"43.1";"4";"Demolition";"Demolition";""
"43.12";"43.1";"4";"Site preparation";"Site preparation";""
"43.13";"43.1";"4";"Test drilling and boring";"Test drilling and boring";""
"43.21";"43.2";"4";"Electrical installation";"Electrical installation";""
"43.22";"43.2";"4";"Plumbing, heat and air-conditioning installation";"Plumbing etc.";""
"43.29";"43.2";"4";"Other construction installation";"Other constr. installation";""
"43.31";"43.3";"4";"Plastering";"Plastering";""
"43.32";"43.3";"4";"Joinery installation";"Joinery installation";""
"43.33";"43.3";"4";"Floor and wall covering";"Floor and wall covering";""
"43.34";"43.3";"4";"Painting and glazing";"Painting and glazing";""
"43.39";"43.3";"4";"Other building completion and finishing";"Other build. compl. and finish.";""
"43.91";"43.9";"4";"Roofing activities";"Roofing activities";""
"43.99";"43.9";"4";"Other specialised construction activities n.e.c.";"Other spec. construc. act. n.e.c.";""
"43.110";"43.11";"5";"Demolition";"Demolition";""
"43.120";"43.12";"5";"Site preparation";"Site preparation";""
"43.130";"43.13";"5";"Test drilling and boring";"Test drilling and boring";""
"43.210";"43.21";"5";"Electrical installation";"Electrical installation";""
"43.221";"43.22";"5";"Plumbing- and ventilation-installation";"Plumbing- and ventilation-install";""
"43.222";"43.22";"5";"Refrigeration- and heat pump installation";"Refrigeration-/heat pump install.";""
"43.223";"43.22";"5";"Ventilation-installation";"";""
"43.290";"43.29";"5";"Other construction installation";"Other construc. installation";""
"43.310";"43.31";"5";"Plastering";"Plastering";""
"43.320";"43.32";"5";"Joinery installation";"Joinery installation";""
"43.330";"43.33";"5";"Floor and wall covering";"Floor and wall covering";""
"43.341";"43.34";"5";"Painting";"Painting";""
"43.342";"43.34";"5";"Glazing";"Glazing";""
"43.390";"43.39";"5";"Other building completion and finishing";"Other build. compl. and finish.";""
"43.911";"43.91";"5";"Tinsmith work";"Tinsmith work";""
"43.919";"43.91";"5";"Other erection of roof covering and frames";"Other erec. of roof cov./frames";""
"43.990";"43.99";"5";"Other specialised construction activities n.e.c.";"Other spec. construction act.";""
"45";"G";"2";"Wholesale and retail trade and repair of motor vehicles and motorcycles";"Motor vehicles, trade and repair";""
"45.1";"45";"3";"Sale of motor vehicles";"Sale of motor vehicles";""
"45.2";"45";"3";"Maintenance and repair of motor vehicles";"Maint./repair of motor vehicles";""
"45.3";"45";"3";"Sale of motor vehicle parts and accessories";"Sale of motor vehicle parts etc.";""
"45.4";"45";"3";"Sale, maintenance and repair of motorcycles and related parts and accessories";"Sale and repair of motorcycles etc.";""
"45.11";"45.1";"4";"Sale of cars and light motor vehicles";"Sale of cars/light mot veh.";""
"45.19";"45.1";"4";"Sale of other motor vehicles";"Sale of other motor vehicles";""
"45.20";"45.2";"4";"Maintenance and repair of motor vehicles";"Maint./repair of motor vehicles";""
"45.31";"45.3";"4";"Wholesale trade of motor vehicle parts and accessories";"W.sale trade of motor veh. parts";""
"45.32";"45.3";"4";"Retail trade of motor vehicle parts and accessories";"Ret. trade of motor veh. parts";""
"45.40";"45.4";"4";"Sale, maintenance and repair of motorcycles and related parts and accessories";"Sale and repair of motorcycles etc.";""
"45.111";"45.11";"5";"Commission and wholesale trade of cars and light motor vehicles, except motorcycles";"Comm./w.sale cars/light vehicles";""
"45.112";"45.11";"5";"Retail sale of cars and light motor vehicles, except motorcycles";"Retail sale cars /light vehicles";""
"45.191";"45.19";"5";"Commission and wholesale trade of other motor vehicles, except motorcycles";"Comm., w.sale other motor vehicles";""
"45.192";"45.19";"5";"Retail sale of other motor vehicles, except motorcycles";"Retail sale other motor vehicles";""
"45.200";"45.20";"5";"Maintenance and repair of motor vehicles";"Maint./repair of motor vehicles";""
"45.310";"45.31";"5";"Wholesale trade of motor vehicle parts and accessories";"W.sale trade of motor veh. parts";""
"45.320";"45.32";"5";"Retail trade of motor vehicle parts and accessories";"Ret. trade of motor veh. parts";""
"45.401";"45.40";"5";"Commission and wholesale trade of motorcycles, parts and accessories";"Comm., wholesale motorcycles";""
"45.402";"45.40";"5";"Retail sale of motorcycles, parts and accessories";"Retail sale of motorcycles";""
"45.403";"45.40";"5";"Maintenance and repair of motorcycles";"Maintenance and rep. of motorcycles";""
"46";"G";"2";"Wholesale trade, except of motor vehicles and motorcycles";"Wholesale trade";""
"46.1";"46";"3";"Wholesale on a fee or contract basis";"W.sale on fee or contract basis";""
"46.2";"46";"3";"Wholesale of agricultural raw materials and live animals";"W.sale of agric. raw materials etc.";""
"46.3";"46";"3";"Wholesale of food, beverages and tobacco";"W.sale of food/beverages/tobacco";""
"46.4";"46";"3";"Wholesale of household goods";"W.sale of household goods";""
"46.5";"46";"3";"Wholesale of information and communication equipment";"W.sale of ICT-equipment";""
"46.6";"46";"3";"Wholesale of machinery, equipment and supplies";"W.sale of mach., equip. and supplies";""
"46.7";"46";"3";"Other specialised wholesale";"Other specialised wholesale";""
"46.9";"46";"3";"Non-specialised wholesale trade";"Non-specialised w.sale trade";""
"46.11";"46.1";"4";"Agents involved in the sale of agricultural raw materials, live animals, textile raw materials and semi-finished goods";"Agents sale of agricult. raw mater. etc.";""
"46.12";"46.1";"4";"Agents involved in the sale of fuels, ores, metals and industrial chemicals";"Agents sale of fuels, ores etc.";""
"46.13";"46.1";"4";"Agents involved in the sale of timber and building materials";"Agents sale of timber, build. matr.";""
"46.14";"46.1";"4";"Agents involved in the sale of machinery, industrial equipment, ships and aircraft";"Agents sale of mach., ind. equipm.";""
"46.15";"46.1";"4";"Agents involved in the sale of furniture, household goods, hardware and ironmongery";"Agents sale of furniture etc.";""
"46.16";"46.1";"4";"Agents involved in the sale of textiles, clothing, fur, footwear and leather goods";"Agents sale of text., clothes etc.";""
"46.17";"46.1";"4";"Agents involved in the sale of food, beverages and tobacco";"Agents sale of food, beverages etc.";""
"46.18";"46.1";"4";"Agents specialised in the sale of other particular products";"Agents sale of other partic. prod.";""
"46.19";"46.1";"4";"Agents involved in the sale of a variety of goods";"Agents sale of variety of goods";""
"46.21";"46.2";"4";"Wholesale of grain, unmanufactured tobacco, seeds and animal feeds";"W.sale grain, unmanuf. tobacco etc.";""
"46.22";"46.2";"4";"Wholesale of flowers and plants";"W.sale of flower and plants";""
"46.23";"46.2";"4";"Wholesale of live animals";"W.sale of live animals";""
"46.24";"46.2";"4";"Wholesale of hides, skins and leather";"W.sale of hides, skins, leather";""
"46.31";"46.3";"4";"Wholesale of fruit and vegetables";"W.sale fruit, vegetables";""
"46.32";"46.3";"4";"Wholesale of meat and meat products";"W.sale meat, meat products";""
"46.33";"46.3";"4";"Wholesale of dairy products, eggs and edible oils and fats";"W.sale dairy prod. eggs etc.";""
"46.34";"46.3";"4";"Wholesale of beverages";"W.sale beverages";""
"46.35";"46.3";"4";"Wholesale of tobacco products";"W.sale tobacco prod.";""
"46.36";"46.3";"4";"Wholesale of sugar and chocolate and sugar confectionery";"W.sale sugar, chocolate etc.";""
"46.37";"46.3";"4";"Wholesale of coffee, tea, cocoa and spices";"W.sale coffee, tea, spices etc.";""
"46.38";"46.3";"4";"Wholesale of other food, including fish, crustaceans and molluscs";"W.sale fish, crustaceans etc.";""
"46.39";"46.3";"4";"Non-specialised wholesale of food, beverages and tobacco";"Non-spec. w.sale food, bever., tobacco";""
"46.41";"46.4";"4";"Wholesale of textiles";"W.sale textiles";""
"46.42";"46.4";"4";"Wholesale of clothing and footwear";"W.sale clothing, footwear";""
"46.43";"46.4";"4";"Wholesale of electrical household appliances";"W.sale elec. househ. appl.";""
"46.44";"46.4";"4";"Wholesale of china and glassware and cleaning materials";"W.sale china, glass, clean. mater.";""
"46.45";"46.4";"4";"Wholesale of perfume and cosmetics";"W.sale perfume, cosmetics";""
"46.46";"46.4";"4";"Wholesale of pharmaceutical goods";"W.sale pharmaceut. goods";""
"46.47";"46.4";"4";"Wholesale of furniture, carpets and lighting equipment";"W.sale furniture, carpets etc.";""
"46.48";"46.4";"4";"Wholesale of watches and jewellery";"W.sale watches, clocks";""
"46.49";"46.4";"4";"Wholesale of other household goods";"W.sale other househ. goods";""
"46.51";"46.5";"4";"Wholesale of computers, computer peripheral equipment and software";"W.sale computers, software etc.";""
"46.52";"46.5";"4";"Wholesale of electronic and telecommunications equipment and parts";"W.sale elec. and telecomm. equip.";""
"46.61";"46.6";"4";"Wholesale of agricultural machinery, equipment and supplies";"W.sale agric. mach., equip. etc.";""
"46.62";"46.6";"4";"Wholesale of machine tools";"W.sale machine tools";""
"46.63";"46.6";"4";"Wholesale of mining, construction and civil engineering machinery";"W.sale mining., construc mach. etc.";""
"46.64";"46.6";"4";"Wholesale of machinery for textile industry and of sewing and knitting machines";"W.sale mach. textile industry etc.";""
"46.65";"46.6";"4";"Wholesale of office furniture";"W.sale office furniture";""
"46.66";"46.6";"4";"Wholesale of other office machinery and equipment";"W.sale other office mach./equip.";""
"46.69";"46.6";"4";"Wholesale of other machinery and equipment";"W.sale other mach. and equip.";""
"46.71";"46.7";"4";"Wholesale of solid, liquid and gaseous fuels and related products";"W.sale of solid, liquid-/gas.fuels etc.";""
"46.72";"46.7";"4";"Wholesale of metals and metal ores";"W.sale metal and metal ores";""
"46.73";"46.7";"4";"Wholesale of wood, construction materials and sanitary equipment";"W.sale wood, construc. mach. etc.";""
"46.74";"46.7";"4";"Wholesale of hardware, plumbing and heating equipment and supplies";"W.sale hardware, plumb, heat equip.";""
"46.75";"46.7";"4";"Wholesale of chemical products";"W.sale chemical prod.";""
"46.76";"46.7";"4";"Wholesale of other intermediate products";"W.sale other intermediate prod.";""
"46.77";"46.7";"4";"Wholesale of waste and scrap";"W.sale waste and scrap";""
"46.90";"46.9";"4";"Non-specialised wholesale trade";"Non-specialised w.sale trade";""
"46.110";"46.11";"5";"Agents involved in the sale of agricultural raw materials, live animals, textile raw materials and semi-finished goods";"Agents sale of agricult. raw mater. etc.";""
"46.120";"46.12";"5";"Agents involved in the sale of fuels, ores, metals and industrial chemicals";"Agents sale of fuels, ores etc.";""
"46.130";"46.13";"5";"Agents involved in the sale of timber and building materials";"Agents sale of timber, build. matr.";""
"46.140";"46.14";"5";"Agents involved in the sale of machinery, industrial equipment, ships and aircraft";"Agents sale of mach., ind. equip.";""
"46.150";"46.15";"5";"Agents involved in the sale of furniture, household goods, hardware and ironmongery";"Agents sale of furniture etc.";""
"46.160";"46.16";"5";"Agents involved in the sale of textiles, clothing, fur, footwear and leather goods";"Agents sale of text., clothes etc.";""
"46.170";"46.17";"5";"Agents involved in the sale of food, beverages and tobacco";"Agents sale of food, beverages etc.";""
"46.180";"46.18";"5";"Agents specialised in the sale of other particular products";"Agents sale of other partic. prod.";""
"46.190";"46.19";"5";"Agents involved in the sale of a variety of goods";"Agents sale of variety of goods";""
"46.210";"46.21";"5";"Wholesale of grain, unmanufactured tobacco, seeds and animal feeds";"W.sale grain, unmanuf. tobacco etc.";""
"46.220";"46.22";"5";"Wholesale of flowers and plants";"W.sale of flower and plants";""
"46.230";"46.23";"5";"Wholesale of live animals";"W.sale of live animals";""
"46.240";"46.24";"5";"Wholesale of hides, skins and leather";"W.sale of hides, skins, leather";""
"46.310";"46.31";"5";"Wholesale of fruit and vegetables";"W.sale fruit, vegetables";""
"46.320";"46.32";"5";"Wholesale of meat and meat products";"W.sale meat, meat products";""
"46.330";"46.33";"5";"Wholesale of dairy products, eggs and edible oils and fats";"W.sale dairy prod., eggs etc.";""
"46.341";"46.34";"5";"Wholesale of wines and spirits";"W.sale wines and spirits";""
"46.349";"46.34";"5";"Wholesale of beverages n.e.c.";"W.sale beverages n.e.c.";""
"46.350";"46.35";"5";"Wholesale of tobacco products";"W.sale tobacco prod.";""
"46.360";"46.36";"5";"Wholesale of sugar and chocolate and sugar confectionery";"W.sale sugar, chocolate etc.";""
"46.370";"46.37";"5";"Wholesale of coffee, tea, cocoa and spices";"W.sale coffee, tea, spices etc.";""
"46.381";"46.38";"5";"Wholesale of fish, crustaceans and molluscs";"W.sale fish, crustaceans,molluscs";""
"46.389";"46.38";"5";"Wholesale of other food n.e.c.";"W.sale other food n.e.c.";""
"46.390";"46.39";"5";"Non-specialised wholesale of food, beverages and tobacco";"Non-spec. w.sale food, bever., tobacco";""
"46.410";"46.41";"5";"Wholesale of textiles";"W.sale of textiles";""
"46.421";"46.42";"5";"Wholesale of clothing";"W.sale clothing";""
"46.422";"46.42";"5";"Wholesale of footwear";"W.sale footwear";""
"46.431";"46.43";"5";"Wholesale of electrical household appliances and -machines";"W.sale elec. household appliances";""
"46.432";"46.43";"5";"Wholesale of radio and television goods";"W.sale radio, television goods";""
"46.433";"46.43";"5";"Wholesale of gramophone records, tapes, CD's and videos";"W.sale gram.rec.,tapes,CD's,videos";""
"46.434";"46.43";"5";"Wholesale of photographic goods";"W.sale photographic goods";""
"46.435";"46.43";"5";"Wholesale of optical goods";"W.sale optical goods";""
"46.441";"46.44";"5";"Wholesale of china and glassware";"W.sale china, glassware";""
"46.442";"46.44";"5";"Wholesale of cleaning materials";"W.sale cleaning materials";""
"46.450";"46.45";"5";"Wholesale of perfume and cosmetics";"W.sale perfume, cosmetics";""
"46.460";"46.46";"5";"Wholesale of pharmaceutical goods";"W.sale pharmaceut. goods";""
"46.471";"46.47";"5";"Wholesale of furniture";"W.sale furniture";""
"46.472";"46.47";"5";"Wholesale of floor coverings and carpets";"W.sale floor coverings, carpets";""
"46.473";"46.47";"5";"Wholesale of lighting equipment";"W.sale lighting equip.";""
"46.481";"46.48";"5";"Wholesale of watches and clocks";"W.sale watches, clocks";""
"46.482";"46.48";"5";"Wholesale of gold and silver ware";"W.sale gold and silver ware";""
"46.491";"46.49";"5";"Wholesale of books, newspapers and magazines";"W.sale books, newspapers, magazines";""
"46.492";"46.49";"5";"Wholesale of travel accessories and leather goods";"W.sale travel access., leather goods";""
"46.493";"46.49";"5";"Wholesale of pleasure boats and -equipment";"W.sale pleasure boats and -equip.";""
"46.494";"46.49";"5";"Wholesale of sporting equipment";"W.sale sporting equip.";""
"46.495";"46.49";"5";"Wholesale of games and toys";"W.sale games and toys";""
"46.499";"46.49";"5";"Wholesale of other household and personal goods n.e.c.";"W.sale househ./pers. goods n.e.c.";""
"46.510";"46.51";"5";"Wholesale of computers, computer peripheral equipment and software";"W.sale computers, software etc.";""
"46.520";"46.52";"5";"Wholesale of electronic and telecommunications equipment and parts";"W.sale elec. and telecomm. equip.";""
"46.610";"46.61";"5";"Wholesale of agricultural machinery, equipment and supplies";"W.sale agric. mach., equip. etc.";""
"46.620";"46.62";"5";"Wholesale of machine tools";"W.sale machine tools";""
"46.630";"46.63";"5";"Wholesale of mining, construction and civil engineering machinery";"W.sale mining, construc. mach. etc.";""
"46.640";"46.64";"5";"Wholesale of machinery for textile industry and of sewing and knitting machines";"W.sale mach. textile industry etc.";""
"46.650";"46.65";"5";"Wholesale of office furniture";"W.sale office furniture";""
"46.660";"46.66";"5";"Wholesale of other office machinery and equipment";"W.sale other office mach./equip.";""
"46.691";"46.69";"5";"Wholesale of machinery and equipment for energy production and installation";"W.sale equip. energy prod./install";""
"46.692";"46.69";"5";"Wholesale of shipping equipment and fishing tackle";"W.sale ship.equip., fishing tackle";""
"46.693";"46.69";"5";"Wholesale of machinery and equipment for manufacturing n.e.c.";"W.sale mach., equip. manuf. n.e.c.";""
"46.694";"46.69";"5";"Wholesale of machinery and equipment for trade, transport and services n.e.c.";"W.sale mach. trade/transp/serv. n.e.c.";""
"46.710";"46.71";"5";"Wholesale of solid, liquid and gaseous fuels and related products";"W.sale of solid, liquid-/gas.fuels etc.";""
"46.720";"46.72";"5";"Wholesale of metals and metal ores";"W.sale metal and metal ores";""
"46.731";"46.73";"5";"Wholesale of timber";"W.sale timber";""
"46.732";"46.73";"5";"Wholesale of lumber";"W.sale lumber";""
"46.733";"46.73";"5";"Wholesale of paints and varnishes";"W.sale paints and varnishes";""
"46.739";"46.73";"5";"Wholesale of construction materials n.e.c.";"W.sale construc. materials n.e.c.";""
"46.740";"46.74";"5";"Wholesale of hardware, plumbing and heating equipment and supplies";"W.sale hardware, plumb, heat equip.";""
"46.750";"46.75";"5";"Wholesale of chemical products";"W.sale chemical prod.";""
"46.761";"46.76";"5";"Wholesale of paper and paperboard";"W.sale paper and paperboard";""
"46.769";"46.76";"5";"Wholesale of other intermediate products n.e.c.";"W.sale other intermed. prod. n.e.c.";""
"46.770";"46.77";"5";"Wholesale of waste and scrap";"W.sale waste and scrap";""
"46.900";"46.90";"5";"Non-specialised wholesale trade";"Non-specialised w.sale trade";""
"47";"G";"2";"Retail trade, except of motor vehicles and motorcycles";"Retail trade";""
"47.1";"47";"3";"Retail sale in non-specialised stores";"Ret. sale in non-specialised stores";""
"47.2";"47";"3";"Retail sale of food, beverages and tobacco in specialised stores";"Ret. sale of food, beverages etc.";""
"47.3";"47";"3";"Retail sale of automotive fuel in specialised stores";"Ret. sale of automotive fuel";""
"47.4";"47";"3";"Retail sale of information and communication equipment in specialised stores";"Ret. sale of ICT-equipment";""
"47.5";"47";"3";"Retail sale of other household equipment in specialised stores";"Ret. sale of other household equip.";""
"47.6";"47";"3";"Retail sale of cultural and recreation goods in specialised stores";"Ret. sale of cultural/recreation goods";""
"47.7";"47";"3";"Retail sale of other goods in specialised stores";"Ret. sale of other goods";""
"47.8";"47";"3";"Retail sale via stalls and markets";"Ret. sale via stalls and markets";""
"47.9";"47";"3";"Retail trade not in stores, stalls and markets";"Ret. trade not in stores/stalls etc.";""
"47.11";"47.1";"4";"Retail sale in non-specialised stores with food, beverages or tobacco predominating";"Non-spec. stores w.food,bev.etc";""
"47.19";"47.1";"4";"Other retail sale in non-specialised stores";"Other ret. sale in non-spec. stores";""
"47.21";"47.2";"4";"Retail sale of fruit and vegetables in specialised stores";"Ret. sale fruit, vegetables";""
"47.22";"47.2";"4";"Retail sale of meat and meat products in specialised stores";"Ret.sale meat, meat products";""
"47.23";"47.2";"4";"Retail sale of fish, crustaceans and molluscs in specialised stores";"Ret. sale fish, crustaceans etc.";""
"47.24";"47.2";"4";"Retail sale of bread, cakes, flour confectionery and sugar confectionery in specialised stores";"Ret. sale bread, cakes etc.";""
"47.25";"47.2";"4";"Retail sale of beverages in specialised stores";"Ret. sale beverages";""
"47.26";"47.2";"4";"Retail sale of tobacco products in specialised stores";"Ret. sale of tobacco products";""
"47.29";"47.2";"4";"Other retail sale of food in specialised stores";"Other ret. sale of food";""
"47.30";"47.3";"4";"Retail sale of automotive fuel in specialised stores";"Ret. sale of automotive fuel";""
"47.41";"47.4";"4";"Retail sale of computers, peripheral units and software in specialised stores";"Ret. sale of computers, software etc.";""
"47.42";"47.4";"4";"Retail sale of telecommunications equipment in specialised stores";"Ret. sale of telecomm. equip.";""
"47.43";"47.4";"4";"Retail sale of audio and video equipment in specialised stores";"Ret. sale of audio/video equip.";""
"47.51";"47.5";"4";"Retail sale of textiles in specialised stores";"Ret. sale of textiles";""
"47.52";"47.5";"4";"Retail sale of hardware, paints and glass in specialised stores";"Ret. sale hardware, paints, glass etc.";""
"47.53";"47.5";"4";"Retail sale of carpets, rugs, wall and floor coverings in specialised stores";"Ret. sale carpets, rugs, wall/floor cover.";""
"47.54";"47.5";"4";"Retail sale of electrical household appliances in specialised stores";"Ret. sale elec. househ. appliances";""
"47.59";"47.5";"4";"Retail sale of furniture, lighting equipment and other household articles in specialised stores";"Ret. sale furniture, light. equip. etc.";""
"47.61";"47.6";"4";"Retail sale of books in specialised stores";"Ret. sale books";""
"47.62";"47.6";"4";"Retail sale of newspapers and stationery in specialised stores";"Ret. sale newspapers, stationery";""
"47.63";"47.6";"4";"Retail sale of music and video recordings in specialised stores";"Ret. sale music/video record.";""
"47.64";"47.6";"4";"Retail sale of sporting equipment in specialised stores";"Ret. sale sporting equip.";""
"47.65";"47.6";"4";"Retail sale of games and toys in specialised stores";"Ret. sale games, toys";""
"47.71";"47.7";"4";"Retail sale of clothing in specialised stores";"Ret. sale clothing";""
"47.72";"47.7";"4";"Retail sale of footwear and leather goods in specialised stores";"Ret. sale footwear, leather goods";""
"47.73";"47.7";"4";"Dispensing chemist in specialised stores";"Dispensing chemist";""
"47.74";"47.7";"4";"Retail sale of medical and orthopaedic goods in specialised stores";"Ret. sale medic./orthopaedic goods";""
"47.75";"47.7";"4";"Retail sale of cosmetic and toilet articles in specialised stores";"Ret. sale cosmetic, toilet art.";""
"47.76";"47.7";"4";"Retail sale of flowers, plants, seeds, fertilisers, pet animals and pet food in specialised stores";"Ret. sale flowers, plants etc.";""
"47.77";"47.7";"4";"Retail sale of watches and jewellery in specialised stores";"Ret. sale watches, jewellery etc.";""
"47.78";"47.7";"4";"Other retail sale of new goods in specialised stores";"Other ret. sale of new goods";""
"47.79";"47.7";"4";"Retail sale of second-hand goods in stores";"Ret. sale of second-hand goods";""
"47.81";"47.8";"4";"Retail sale via stalls and markets of food, beverages and tobacco products";"Stalls/markets, food, beverages etc";""
"47.82";"47.8";"4";"Retail sale via stalls and markets of textiles, clothing and footwear";"Stall, markets  textiles, clothing etc.";""
"47.89";"47.8";"4";"Retail sale via stalls and markets of other goods";"Stalls/markets sale  of other goods";""
"47.91";"47.9";"4";"Retail sale via mail order houses or via Internet";"Ret. sale mail order houses/Internet";""
"47.99";"47.9";"4";"Other retail sale not in stores, stalls or markets";"Other ret. sale not in stores, stalls etc.";""
"47.111";"47.11";"5";"Retail sale in non-specialised stores with food, beverages or tobacco predominating";"Non-spec. stores w.food,bev. etc";""
"47.112";"47.11";"5";"Retail sale in non-specialised kiosks with food, beverages or tobacco predominating";"Non-spec. kiosks w.food, bev. etc";""
"47.190";"47.19";"5";"Other retail sale in non-specialised stores";"Other ret. sale in non-spec. stores";""
"47.210";"47.21";"5";"Retail sale of fruit and vegetables in specialised stores";"Ret. sale fruit, vegetables";""
"47.220";"47.22";"5";"Retail sale of meat and meat products in specialised stores";"Ret. sale meat, meat products";""
"47.230";"47.23";"5";"Retail sale of fish, crustaceans and molluscs in specialised stores";"Ret. sale fish, crustaceans etc.";""
"47.241";"47.24";"5";"Retail sale of bread, cakes and flour confectionery in specialised stores";"Ret.sale bread, cakes, flour confect";""
"47.242";"47.24";"5";"Retail sale of sugar confectionery in specialised stores";"Ret. sale sugar confectionery";""
"47.251";"47.25";"5";"Retail sale of wines and spirits in specialised stores";"Ret. sale wines and spirits";""
"47.259";"47.25";"5";"Retail sale of beverages n.e.c. in specialised stores";"Ret. sale beverages n.e.c.";""
"47.260";"47.26";"5";"Retail sale of tobacco products in specialised stores";"Ret. sale of tobacco products";""
"47.291";"47.29";"5";"Retail sale of health foods in specialised stores";"Ret. sale of health foods";""
"47.292";"47.29";"5";"Retail sale of coffee and tea in specialised stores";"Ret. sale coffee and tea";""
"47.299";"47.29";"5";"Retail sale of food, beverages and tobacco in specialised stores n.e.c.";"Ret. sale food, bev. etc. n.e.c.";""
"47.300";"47.30";"5";"Retail sale of automotive fuel in specialised stores";"Ret. sale of automotive fuel";""
"47.410";"47.41";"5";"Retail sale of computers, peripheral units and software in specialised stores";"Ret. sale of computers, software etc.";""
"47.420";"47.42";"5";"Retail sale of telecommunications equipment in specialised stores";"Ret. sale of telecomm. equip.";""
"47.430";"47.43";"5";"Retail sale of audio and video equipment in specialised stores";"Ret. sale of audio/video equip.";""
"47.510";"47.51";"5";"Retail sale of textiles in specialised stores";"Ret. sale of textiles";""
"47.521";"47.52";"5";"Retail sale of variety of hardware, paints and glass in specialised stores";"Ret. sale var. of hardware, paints etc.";""
"47.522";"47.52";"5";"Retail sale of hardware in specialised stores";"Ret. sale hardware";""
"47.523";"47.52";"5";"Retail sale of paints and varnish in specialised stores";"Ret. sale paints and varnish";""
"47.524";"47.52";"5";"Retail sale of wood in specialised stores";"Ret. sale wood";""
"47.529";"47.52";"5";"Retail sale of building material  n.e.c. in specialised stores";"Ret. sale building materials n.e.c.";""
"47.531";"47.53";"5";"Retail sale of wallpaper and floor coverings in specialised stores";"Ret. sale wallpaper, floor cover.";""
"47.532";"47.53";"5";"Retail sale of carpets in specialised stores";"Ret. sale carpets";""
"47.533";"47.53";"5";"Retail sale of curtains in specialised stores";"Ret. sale curtains";""
"47.540";"47.54";"5";"Retail sale of electrical household appliances in specialised stores";"Ret. sale elec. househ. appliances";""
"47.591";"47.59";"5";"Retail sale of furniture in specialised stores";"Ret. sale furniture";""
"47.592";"47.59";"5";"Retail sale of lighting equipment in specialised stores";"Ret. sale lighting equip.";""
"47.593";"47.59";"5";"Retail sale of china and glassware in specialised stores";"Ret. sale china, glassware";""
"47.594";"47.59";"5";"Retail sale of musical instruments and scores in specialised stores";"Ret. sale musical instr., scores";""
"47.599";"47.59";"5";"Retail sale of non-electrical household articles n.e.c. in specialised stores";"Ret. sale non.elec. househ. articles";""
"47.610";"47.61";"5";"Retail sale of books in specialised stores";"Ret. sale books";""
"47.620";"47.62";"5";"Retail sale of newspapers and stationery in specialised stores";"Ret. sale newspapers, stationery";""
"47.630";"47.63";"5";"Retail sale of music and video recordings in specialised stores";"Ret. sale music/video record.";""
"47.641";"47.64";"5";"Retail sale of sporting equipment in specialised stores";"Ret. sale sporting equip.";""
"47.642";"47.64";"5";"Retail sale of pleasure boats and equipment in specialised stores";"Ret. sale pleasure boats and equip.";""
"47.650";"47.65";"5";"Retail sale of games and toys in specialised stores";"Ret. sale games, toys";""
"47.710";"47.71";"5";"Retail sale of clothing in specialised stores";"Ret. sale clothing";""
"47.721";"47.72";"5";"Retail sale of footwear in specialised stores";"Ret. sale of footwear";""
"47.722";"47.72";"5";"Retail sale of travel accessories of leather and leather substitutes and leather goods in specialised stores";"Ret. sale travel acces, leather goods";""
"47.730";"47.73";"5";"Dispensing chemist in specialised stores";"Dispensing chemist";""
"47.740";"47.74";"5";"Retail sale of medical and orthopaedic goods in specialised stores";"Ret. sale medic./orthopaedic goods";""
"47.750";"47.75";"5";"Retail sale of cosmetic and toilet articles in specialised stores";"Ret. sale cosmetic, toilet art.";""
"47.761";"47.76";"5";"Retail sale of flowers, plants, seeds and fertilisers in specialised stores";"Ret. sale flowers, plants";""
"47.762";"47.76";"5";"Retail sale of pet animals and pet food in specialised stores";"Ret. sale pet animals";""
"47.771";"47.77";"5";"Retail sale of watches and clocks in specialised stores";"Ret. sale watches and clocks";""
"47.772";"47.77";"5";"Retail sale of gold and silver ware in specialised stores";"Ret. sale gold and silver ware";""
"47.781";"47.78";"5";"Retail sale of photographic goods in specialised stores";"Ret. sale photographic goods";""
"47.782";"47.78";"5";"Retail sale of optical goods in specialised stores";"Ret. sale optical goods";""
"47.789";"47.78";"5";"Other retail sale of goods in specialised stores";"Other retail sale of goods";""
"47.791";"47.79";"5";"Retail sale of antiques";"Ret. sale antiques";""
"47.792";"47.79";"5";"Retail sale of second-hand clothes";"Ret. sale second hand clothes";""
"47.799";"47.79";"5";"Retail sale of second-hand goods n.e.c.";"Ret. sale second hand goods n.e.c.";""
"47.810";"47.81";"5";"Retail sale via stalls and markets of food, beverages and tobacco products";"Stalls/markets, food, beverages etc.";""
"47.820";"47.82";"5";"Retail sale via stalls and markets of textiles, clothing and footwear";"Stalls/markets, textiles, clothing etc.";""
"47.890";"47.89";"5";"Retail sale via stalls and markets of other goods";"Stalls/markets sale of other goods";""
"47.911";"47.91";"5";"Retail sale of variety of goods via mail order houses or via Internet";"Moh. ret sale variety of goods";""
"47.912";"47.91";"5";"Retail sale of textiles, clothes, footwear, travel accessories and leather goods via mail order houses or via Internet";"Moh. ret. sale textiles clothes etc.";""
"47.913";"47.91";"5";"Retail sale of lighting equipment, china and glass, furniture and non-electrical household articles via mail order houses or via Internet";"Moh. ret sale furniture etc.";""
"47.914";"47.91";"5";"Retail sale of electrical household appliances, radio, television, gramophone records, tapes, CD's and musical instruments via mail order houses or via Internet";"Moh. ret. sale elec. househ. appl.";""
"47.915";"47.91";"5";"Retail sale of books, newspapers and magazines via mail order houses or via Internet";"Moh. ret. sale books, newspapers etc.";""
"47.916";"47.91";"5";"Retail sale of ICT equipment in specialised stores or via Internet";"Moh. ret sale ICT equipment";""
"47.917";"47.91";"5";"Retail sale of health foods in specialised stores or via Internet";"Moh. ret. sale health foods";""
"47.919";"47.91";"5";"Other retail sale of specialised assortment of goods via mail order houses or via Internet";"Other ret. sale spec. assort. of goods";""
"47.990";"47.99";"5";"Other retail sale not in stores, stalls or markets";"Other ret. sale not in stores, stalls etc.";""
"49";"H";"2";"Land transport and transport via pipelines";"Land transport, pipeline transport";""
"49.1";"49";"3";"Passenger rail transport, interurban";"Passenger rail transp., interurb.";""
"49.2";"49";"3";"Freight rail transport";"Freight rail transport";""
"49.3";"49";"3";"Other passenger land transport";"Other passenger land transport";""
"49.4";"49";"3";"Freight transport by road and removal services";"Freight transp. by road/removal serv";""
"49.5";"49";"3";"Transport via pipeline";"Transport via pipeline";""
"49.10";"49.1";"4";"Passenger rail transport, interurban";"Passenger rail transp.,  interurban";""
"49.20";"49.2";"4";"Freight rail transport";"Freight rail transport";""
"49.31";"49.3";"4";"Urban and suburban passenger land transport";"Urb./suburb. passenger land trans.";""
"49.32";"49.3";"4";"Taxi operation";"Taxi operation";""
"49.39";"49.3";"4";"Other passenger land transport n.e.c.";"Other pass. land transp. n.e.c.";""
"49.41";"49.4";"4";"Freight transport by road";"Freight transp. by road";""
"49.42";"49.4";"4";"Removal services";"Removal services";""
"49.50";"49.5";"4";"Transport via pipeline";"Transport via pipeline";""
"49.100";"49.10";"5";"Passenger rail transport, interurban";"Passenger rail transp. interurb.";""
"49.200";"49.20";"5";"Freight rail transport";"Freight rail transport";""
"49.311";"49.31";"5";"Scheduled urban and suburban motor bus transport";"Sched. urban/suburb mot.bus transp.";""
"49.312";"49.31";"5";"Other urban and suburban transport";"Other urban/suburban transp.";""
"49.320";"49.32";"5";"Taxi operation";"Taxi operation";""
"49.391";"49.39";"5";"Scheduled long-distance bus transport";"Sched. long-dist. bus transp.";""
"49.392";"49.39";"5";"Charters and excursions bus services";"Charters/excursions bus serv.";""
"49.393";"49.39";"5";"Cableway transport and skilifts";"Cableway transport and skilifts";""
"49.410";"49.41";"5";"Freight transport by road";"Freight transp. by road";""
"49.420";"49.42";"5";"Removal services";"Removal services";""
"49.500";"49.50";"5";"Transport via pipeline";"Transport via pipeline";""
"50";"H";"2";"Water transport";"Water transport";""
"50.1";"50";"3";"Sea and coastal passenger water transport";"Sea/coastal passenger water transp.";""
"50.2";"50";"3";"Sea and coastal freight water transport";"Sea/coastal freight water transp.";""
"50.3";"50";"3";"Inland passenger water transport";"Inland passenger water transp.";""
"50.4";"50";"3";"Inland freight water transport";"Inland freight water transp.";""
"50.10";"50.1";"4";"Sea and coastal passenger water transport";"Sea/coast. passenger water transp.";""
"50.20";"50.2";"4";"Sea and coastal freight water transport";"Sea/coast. freight water transp.";""
"50.30";"50.3";"4";"Inland passenger water transport";"Inland passenger water transp.";""
"50.40";"50.4";"4";"Inland freight water transport";"Inland freight water transp.";""
"50.101";"50.10";"5";"Passenger ocean transport";"Passenger ocean transp.";""
"50.102";"50.10";"5";"Scheduled long distance passenger transport in coastal waters";"Sched. long.dist. pass. transp";""
"50.109";"50.10";"5";"Other passenger transport in coastal waters";"Other pass. transp. coast.waters";""
"50.201";"50.20";"5";"Freight ocean transport";"Freight ocean transport";""
"50.202";"50.20";"5";"Freight coastal transport";"Freight coastal transport";""
"50.203";"50.20";"5";"Tugs";"Tugs";""
"50.204";"50.20";"5";"Supply and other sea transport offshore services";"Supply/oth. sea transp. offsh. serv.";""
"50.300";"50.30";"5";"Inland passenger water transport";"Inland passenger water transp.";""
"50.400";"50.40";"5";"Inland freight water transport";"Inland freight water transp.";""
"51";"H";"2";"Air transport";"Air transport";""
"51.1";"51";"3";"Passenger air transport";"Passenger air transport";""
"51.2";"51";"3";"Freight air transport and space transport";"Freight air transp./space transp.";""
"51.10";"51.1";"4";"Passenger air transport";"Passenger air transport";""
"51.21";"51.2";"4";"Freight air transport";"Freight air transport";""
"51.22";"51.2";"4";"Space transport";"Space transport";""
"51.100";"51.10";"5";"Passenger air transport";"Passenger air transport";""
"51.210";"51.21";"5";"Freight air transport";"Freight air transport";""
"51.220";"51.22";"5";"Space transport";"Space transport";""
"52";"H";"2";"Warehousing and support activities for transportation";"Support act. for transportation";""
"52.1";"52";"3";"Warehousing and storage";"Warehousing and storage";""
"52.2";"52";"3";"Support activities for transportation";"Support act. for transportation";""
"52.10";"52.1";"4";"Warehousing and storage";"Warehousing and storage";""
"52.21";"52.2";"4";"Service activities incidental to land transportation";"Serv. act. to land transp.";""
"52.22";"52.2";"4";"Service activities incidental to water transportation";"Serv. act. to water transp.";""
"52.23";"52.2";"4";"Service activities incidental to air transportation";"Serv. act. to air transp.";""
"52.24";"52.2";"4";"Cargo handling";"Cargo handling";""
"52.29";"52.2";"4";"Other transportation supply services";"Other transp. supply serv.";""
"52.100";"52.10";"5";"Warehousing and storage";"Warehousing and storage";""
"52.211";"52.21";"5";"Central agencies for goods and transportation procurement";"Centr. agenc. goods/transp. procure.";""
"52.212";"52.21";"5";"Operation of car parks and garages";"Oper. car parks and garages";""
"52.213";"52.21";"5";"Toll gate stations";"Toll gate stations";""
"52.214";"52.21";"5";"Operation of taxi agencies and other passenger transport agencies";"Oper. of tax agencies etc.";""
"52.216";"52.21";"5";"Liquifaction of gas for transportation purposes";"Liquifaction of gas for transp.purp.";""
"52.219";"52.21";"5";"Other services incidental to land transport";"Other serv. inc. to land transp.";""
"52.221";"52.22";"5";"Operation of harbours of plants";"Oper. of harbours of plants";""
"52.222";"52.22";"5";"Sea rescue services";"Sea rescue services";""
"52.223";"52.22";"5";"Offshore supply terminal";"Offshore supply terminal";""
"52.229";"52.22";"5";"Other services incidental to water transportation";"Other serv. inc. to water transp.";""
"52.230";"52.23";"5";"Service activities incidental to air transportation";"Serv. act. to air transp.";""
"52.240";"52.24";"5";"Cargo handling";"Cargo handling";""
"52.291";"52.29";"5";"Freight forwarding services";"Freight forward. serv.";""
"52.292";"52.29";"5";"Ship brokerage services";"Ship brokerage serv.";""
"52.293";"52.29";"5";"Aircraft brokerage services";"Aircraft brokerage serv.";""
"52.299";"52.29";"5";"Other forwarding services";"Other forwarding serv.";""
"53";"H";"2";"Postal and courier activities";"Postal and courier activities";""
"53.1";"53";"3";"Postal activities under universal service obligation";"Postal act. (univ.serv. obligation)";""
"53.2";"53";"3";"Other postal and courier activities";"Other postal and courier act.";""
"53.10";"53.1";"4";"Postal activities under universal service obligation";"Postal act. (univ. serv. obligation)";""
"53.20";"53.2";"4";"Other postal and courier activities";"Other postal and courier act.";""
"53.100";"53.10";"5";"Postal activities under universal service obligation";"Postal act. (univ. serv. obligation)";""
"53.200";"53.20";"5";"Other postal and courier activities";"Other postal and courier act.";""
"55";"I";"2";"Accommodation";"Accommodation";""
"55.1";"55";"3";"Hotels and similar accommodation";"Hotels and sim. accomm.";""
"55.2";"55";"3";"Holiday and short-stay accommodation";"Holiday and short-stay accomm.";""
"55.3";"55";"3";"Camping grounds, recreational vehicle parks and trailer parks";"Camping grounds etc.";""
"55.9";"55";"3";"Other accommodation";"Other accommodation";""
"55.10";"55.1";"4";"Hotels and similar accommodation";"Hotels and sim. accomm.";""
"55.20";"55.2";"4";"Holiday and short-stay accommodation";"Holiday/short-stay accomm.";""
"55.30";"55.3";"4";"Camping grounds, recreational vehicle parks and trailer parks";"Camping grounds etc.";""
"55.90";"55.9";"4";"Other accommodation";"Other accommodation";""
"55.101";"55.10";"5";"Hotels and motels with restaurant";"Hotels/motels with rest.";""
"55.102";"55.10";"5";"Hotels and motels without restaurant";"Hotels/motels without rest.";""
"55.201";"55.20";"5";"Hostels";"Hostels";""
"55.202";"55.20";"5";"Holiday apartments";"Holiday apartments";""
"55.300";"55.30";"5";"Camping sites, including caravan sites";"Camp. sites incl. carav. sites";""
"55.900";"55.90";"5";"Other accommodation";"Other accommodation";""
"56";"I";"2";"Food and beverage service activities";"Food and beverage service act.";""
"56.1";"56";"3";"Restaurants and mobile food service activities";"Restaurants";""
"56.2";"56";"3";"Event catering and other food service activities";"Event catering/other food serv. act.";""
"56.3";"56";"3";"Beverage serving activities";"Beverage serving activities";""
"56.10";"56.1";"4";"Restaurants and mobile food service activities";"Restaurants etc.";""
"56.21";"56.2";"4";"Event catering activities";"Event catering act.";""
"56.29";"56.2";"4";"Other food services";"Other food services";""
"56.30";"56.3";"4";"Beverage serving activities";"Beverage serving activities";""
"56.101";"56.10";"5";"Operation of restaurants and cafes";"Oper. of restaurants/cafes";""
"56.102";"56.10";"5";"Operation of snack-bars, salad bars and hot-dog bars";"Oper. snack-, salad- , hot dog bars";""
"56.210";"56.21";"5";"Event catering activities";"Event catering act.";""
"56.290";"56.29";"5";"Other food services";"Other food services";""
"56.301";"56.30";"5";"Pubs";"Pubs";""
"56.309";"56.30";"5";"Other beverage serving activities";"Other beverage serv. act.";""
"58";"J";"2";"Publishing activities";"Publishing activities";""
"58.1";"58";"3";"Publishing of books, periodicals and other publishing activities";"Publishing of books etc.";""
"58.2";"58";"3";"Software publishing";"Software publishing";""
"58.11";"58.1";"4";"Book publishing";"Book publishing";""
"58.12";"58.1";"4";"Publishing of directories and mailing lists";"Publ. directories/mailing lists";""
"58.13";"58.1";"4";"Publishing of newspapers";"Publishing of newspapers";""
"58.14";"58.1";"4";"Publishing of journals and periodicals";"Publ. journals and periodicals";""
"58.19";"58.1";"4";"Other publishing activities";"Other publishing act.";""
"58.21";"58.2";"4";"Publishing of computer games";"Publishing of computer games";""
"58.29";"58.2";"4";"Other software publishing";"Other software publishing";""
"58.110";"58.11";"5";"Book publishing";"Book publishing";""
"58.120";"58.12";"5";"Publishing of directories and mailing lists";"Publ. directories/mailing lists";""
"58.130";"58.13";"5";"Publishing of newspapers";"Publishing of newspapers";""
"58.140";"58.14";"5";"Publishing of journals and periodicals";"Publ. journals and periodicals";""
"58.190";"58.19";"5";"Other publishing activities";"Other publishing act.";""
"58.210";"58.21";"5";"Publishing of computer games";"Publishing of computer games";""
"58.290";"58.29";"5";"Other software publishing";"Other software publishing";""
"59";"J";"2";"Motion picture, video and television programme production, sound recording and music publishing activities";"Motion picture, TV, music prod.";""
"59.1";"59";"3";"Motion picture, video and television programme activities";"Motion pict./video/tv-progr. act.";""
"59.2";"59";"3";"Sound recording and music publishing activities";"Sound record./music publishing act.";""
"59.11";"59.1";"4";"Motion picture, video and television programme production activities";"Prod. motion pict./video etc.";""
"59.12";"59.1";"4";"Motion picture, video and television programme post-production activities";"Post-prod. motion pict., video etc.";""
"59.13";"59.1";"4";"Motion picture, video and television programme distribution activities";"Distrib. motion pict., video etc.";""
"59.14";"59.1";"4";"Motion picture projection activities";"Motion pict. projection act.";""
"59.20";"59.2";"4";"Sound recording and music publishing activities";"Sound record./music publishing act.";""
"59.110";"59.11";"5";"Motion picture, video and television programme production activities";"Prod. motion pict./video etc.";""
"59.120";"59.12";"5";"Motion picture, video and television programme post-production activities";"Post-prod. motion pict., video etc.";""
"59.130";"59.13";"5";"Motion picture, video and television programme distribution activities";"Distrib. motion pict., video etc.";""
"59.140";"59.14";"5";"Motion picture projection activities";"Motion pict. projection act.";""
"59.200";"59.20";"5";"Sound recording and music publishing activities";"Sound record./music publishing act.";""
"60";"J";"2";"Programming and broadcasting activities";"Programming, broadcasting act.";""
"60.1";"60";"3";"Radio broadcasting";"Radio broadcasting";""
"60.2";"60";"3";"Television programming and broadcasting activities";"Television progr./broadcast. act.";""
"60.10";"60.1";"4";"Radio broadcasting";"Radio broadcasting";""
"60.20";"60.2";"4";"Television programming and broadcasting activities";"Television progr./broadcast. act.";""
"60.100";"60.10";"5";"Radio broadcasting";"Radio broadcasting";""
"60.200";"60.20";"5";"Television programming and broadcasting activities";"Telev. progr./broadcast. act.";""
"61";"J";"2";"Telecommunications";"Telecommunications";""
"61.1";"61";"3";"Wired telecommunications activities";"Wired telecommunications act.";""
"61.2";"61";"3";"Wireless telecommunications activities";"Wireless telecommunications act.";""
"61.3";"61";"3";"Satellite telecommunications activities";"Satellite telecommunications act.";""
"61.9";"61";"3";"Other telecommunications activities";"Other telecommunications act.";""
"61.10";"61.1";"4";"Wired telecommunications activities";"Wired telecommunications act.";""
"61.20";"61.2";"4";"Wireless telecommunications activities";"Wireless telecommunications act.";""
"61.30";"61.3";"4";"Satellite telecommunications activities";"Satellite telecommunications act.";""
"61.90";"61.9";"4";"Other telecommunications activities";"Other telecommunications act.";""
"61.100";"61.10";"5";"Wired telecommunications activities";"Wired telecommunications act.";""
"61.200";"61.20";"5";"Wireless telecommunications activities";"Wireless telecommunications act.";""
"61.300";"61.30";"5";"Satellite telecommunications activities";"Satellite telecommunications act.";""
"61.900";"61.90";"5";"Other telecommunications activities";"Other telecommunications act.";""
"62";"J";"2";"Computer programming; consultancy and related activities";"Computer programming, consultancy";""
"62.0";"62";"3";"Computer programming, consultancy and related activities";"Computer progr., consult. and rel. act.";""
"62.01";"62.0";"4";"Computer programming activities";"Computer programming act.";""
"62.02";"62.0";"4";"Computer consultancy activities";"Computer consultancy act.";""
"62.03";"62.0";"4";"Computer facilities management activities";"Computer fac. managem. act.";""
"62.09";"62.0";"4";"Other information technology and computer service activities";"Other inf. tech./computer serv. act.";""
"62.010";"62.01";"5";"Computer programming activities";"Computer programming act.";""
"62.020";"62.02";"5";"Computer consultancy activities";"Computer consultancy act.";""
"62.030";"62.03";"5";"Computer facilities management activities";"Computer fac. managem. act.";""
"62.090";"62.09";"5";"Other information technology and computer service activities";"Other inf. tech./computer serv. act.";""
"63";"J";"2";"Information service activities";"Information service activities";""
"63.1";"63";"3";"Data processing, hosting and related activities; web portals";"Data processing, web portals etc.";""
"63.9";"63";"3";"Other information service activities";"Other information service act.";""
"63.11";"63.1";"4";"Data processing, hosting and related activities";"Data process., hosting and rel act.";""
"63.12";"63.1";"4";"Web portals";"Web portals";""
"63.91";"63.9";"4";"News agency activities";"News agency act.";""
"63.99";"63.9";"4";"Other information service activities n.e.c.";"Other inf. serv. act. n.e.c.";""
"63.110";"63.11";"5";"Data processing, hosting and related activities";"Data process., hosting and rel act.";""
"63.120";"63.12";"5";"Web portals";"Web portals";""
"63.910";"63.91";"5";"News agency activities";"News agency act.";""
"63.990";"63.99";"5";"Other information service activities n.e.c.";"Other inf. serv. act. n.e.c.";""
"64";"K";"2";"Financial service activities, except insurance and pension funding";"Financial service activities";""
"64.1";"64";"3";"Monetary intermediation";"Monetary intermediation";""
"64.2";"64";"3";"Activities of holding companies";"Activities of holding companies";""
"64.3";"64";"3";"Trusts, funds and similar financial entities";"Trusts/funds/similar fin. entities";""
"64.9";"64";"3";"Other financial service activities, except insurance and pension funding";"Other financial service activities";""
"64.11";"64.1";"4";"Central banking";"Central banking";""
"64.19";"64.1";"4";"Other monetary intermediation";"Other monetary intermed.";""
"64.20";"64.2";"4";"Activities of holding companies";"Activities of holding companies";""
"64.30";"64.3";"4";"Trusts, funds and similar financial entities";"Trusts, funds, sim. financ. entities";""
"64.91";"64.9";"4";"Financial leasing";"Financial leasing";""
"64.92";"64.9";"4";"Other credit granting";"Other credit granting";""
"64.99";"64.9";"4";"Other financial service activities, except insurance and pension funding n.e.c.";"Other financial serv. act.";""
"64.110";"64.11";"5";"Central banking";"Central banking";""
"64.190";"64.19";"5";"Other monetary intermediation";"Other monetary intermed.";""
"64.201";"64.20";"5";"Activities of financial holding companies";"Act. financ. holding comp.";""
"64.202";"64.20";"5";"Holding companies serving special purposes";"Hold.com. serv. spec. purp";""
"64.301";"64.30";"5";"Unit trust";"Unit trust";""
"64.302";"64.30";"5";"Other investment companies, except captive companies";"Other inv.ment comp. exc. capt.comp";""
"64.305";"64.30";"5";"Charities which do not distribute means themselves";"Char. not distrib. means themselves";""
"64.306";"64.30";"5";"Venture and development capital companies";"Venture/develop. capital companies";""
"64.308";"64.30";"5";"Captive investment companies";"Captive investment companies";""
"64.910";"64.91";"5";"Financial leasing";"Financial leasing";""
"64.920";"64.92";"5";"Other credit granting";"Other credit granting";""
"64.990";"64.99";"5";"Other financial service activities, except insurance and pension funding n.e.c.";"Other financial serv. act.";""
"65";"K";"2";"Insurance, reinsurance and pension funding, except compulsory social security";"Insurance, pension funding";""
"65.1";"65";"3";"Insurance";"Insurance";""
"65.2";"65";"3";"Reinsurance";"Reinsurance";""
"65.3";"65";"3";"Pension funding";"Pension funding";""
"65.11";"65.1";"4";"Life insurance";"Life insurance";""
"65.12";"65.1";"4";"Non-life insurance";"Non-life insurance";""
"65.20";"65.2";"4";"Reinsurance";"Reinsurance";""
"65.30";"65.3";"4";"Pension funding";"Pension funding";""
"65.110";"65.11";"5";"Life insurance";"Life insurance";""
"65.120";"65.12";"5";"Non-life insurance";"Non-life insurance";""
"65.200";"65.20";"5";"Reinsurance";"Reinsurance";""
"65.300";"65.30";"5";"Pension funding";"Pension funding";""
"66";"K";"2";"Activities auxiliary to financial services and insurance activities";"Auxiliary financial activities";""
"66.1";"66";"3";"Activities auxiliary to financial services, except insurance and pension funding";"Act. aux. to financial services";""
"66.2";"66";"3";"Activities auxiliary to insurance and pension funding";"Act. aux. to insurance/pens.funding";""
"66.3";"66";"3";"Fund management activities";"Fund management activities";""
"66.11";"66.1";"4";"Administration of financial markets";"Adm. of financial markets";""
"66.12";"66.1";"4";"Security and commodity contracts brokerage";"Security, comm.contr. brokerage";""
"66.19";"66.1";"4";"Other activities auxiliary to financial services, except insurance and pension funding";"Other act. aux. to financ. serv.";""
"66.21";"66.2";"4";"Risk and damage evaluation";"Risk and damage evaluation";""
"66.22";"66.2";"4";"Activities of insurance agents and brokers";"Act. on insurance agents/brokers";""
"66.29";"66.2";"4";"Other activities auxiliary to insurance and pension funding";"Oth. act. aux. to insur./pension fund.";""
"66.30";"66.3";"4";"Fund management activities";"Fund management activities";""
"66.110";"66.11";"5";"Administration of financial markets";"Adm. of financial markets";""
"66.120";"66.12";"5";"Security and commodity contracts brokerage";"Security, comm.contr. brokerage";""
"66.190";"66.19";"5";"Other activities auxiliary to financial services, except insurance and pension funding";"Other act. aux. to finance serv";""
"66.210";"66.21";"5";"Risk and damage evaluation";"Risk and damage evaluation";""
"66.220";"66.22";"5";"Activities of insurance agents and brokers";"Act. on insurance agents/brokers";""
"66.290";"66.29";"5";"Other activities auxiliary to insurance and pension funding";"Oth. act. aux. to insur./pension fund.";""
"66.300";"66.30";"5";"Fund management activities";"Fund management activities";""
"68";"L";"2";"Real estate activities";"Real estate activities";""
"68.1";"68";"3";"Buying and selling of own real estate";"Buying/selling of own real estate";""
"68.2";"68";"3";"Renting and operating of own or leased real estate";"Rent./operat. own/leased real estate";""
"68.3";"68";"3";"Real estate activities on a fee or contract basis";"Real estate act. fee/contr. basis";""
"68.10";"68.1";"4";"Buying and selling of own real estate";"Buying/selling of own real estate";""
"68.20";"68.2";"4";"Renting and operating of own real estate";"Rent./operat. own real estate";""
"68.31";"68.3";"4";"Real estate agencies";"Real estate agencies";""
"68.32";"68.3";"4";"Management of real estate on a fee or contract basis";"Man. real estate fee/contract basis";""
"68.100";"68.10";"5";"Buying and selling of own real estate";"Buying/selling of real estate";""
"68.201";"68.20";"5";"House cooperative";"House cooperative";""
"68.209";"68.20";"5";"Other letting of real estate";"Other letting of real estate";""
"68.310";"68.31";"5";"Real estate agencies";"Real estate agencies";""
"68.320";"68.32";"5";"Management of real estate on a fee or contract basis";"Man. real estate fee/contract basis";""
"69";"M";"2";"Legal and accounting activities";"Legal and accounting activities";""
"69.1";"69";"3";"Legal activities";"Legal activities";""
"69.2";"69";"3";"Accounting, bookkeeping and auditing activities; tax consultancy";"Account.,book-keeping,tax consult.";""
"69.10";"69.1";"4";"Legal activities";"Legal activities";""
"69.20";"69.2";"4";"Accounting, bookkeeping and auditing activities; tax consultancy";"Account./bookkeep./tax consult.";""
"69.100";"69.10";"5";"Legal activities";"Legal activities";""
"69.201";"69.20";"5";"Accounting and bookkeeping";"Accounting and bookkeeping";""
"69.202";"69.20";"5";"Auditing";"Auditing";""
"69.203";"69.20";"5";"Tax consultancy activity";"Tax consultancy act.";""
"70";"M";"2";"Activities of head offices; management consultancy activities";"Head offices, management consult.";""
"70.1";"70";"3";"Activities of head offices";"Activities of head offices";""
"70.2";"70";"3";"Management consultancy activities";"Management consultancy act.";""
"70.10";"70.1";"4";"Activities of head offices";"Activities of head offices";""
"70.21";"70.2";"4";"Public relations and communication activities";"PR and communication act.";""
"70.22";"70.2";"4";"Business and other management consultancy activities";"Business/oth. manage. consult act.";""
"70.100";"70.10";"5";"Activities of head offices";"Activities of head offices";""
"70.210";"70.21";"5";"Public relations and communication activities";"PR and communication act.";""
"70.220";"70.22";"5";"Business and other management consultancy activities";"Business/oth. manage. consult act.";""
"71";"M";"2";"Architectural and engineering activities; technical testing and analysis";"Architecture, engineering act.";""
"71.1";"71";"3";"Architectural and engineering activities and related technical consultancy";"Architectural,engineering act. etc";""
"71.2";"71";"3";"Technical testing and analysis";"Technical testing and analysis";""
"71.11";"71.1";"4";"Architectural activities";"Architectural act.";""
"71.12";"71.1";"4";"Engineering activities and related technical consultancy";"Engineer. act./rel. tech. consult";""
"71.20";"71.2";"4";"Technical testing and analysis";"Technical testing and analysis";""
"71.111";"71.11";"5";"Planning and regulation services";"Planning/regul. services";""
"71.112";"71.11";"5";"Architectural design services for buildings";"Arch. design serv. for buildings";""
"71.113";"71.11";"5";"Landscape architectural services";"Landscape arch. services";""
"71.121";"71.12";"5";"Civil engineering activities";"Civil engineering act.";""
"71.122";"71.12";"5";"Geological surveying";"Geological surveying";""
"71.123";"71.12";"5";"Chorographic map and surveying";"";""
"71.129";"71.12";"5";"Other technical consultancy";"Other tech. consultancy";""
"71.200";"71.20";"5";"Technical testing and analysis";"Technical testing and analysis";""
"72";"M";"2";"Scientific research and development";"Scientific research and development";""
"72.1";"72";"3";"Research and experimental development on natural sciences and engineering";"R&D, natural sciences/engineering";""
"72.2";"72";"3";"Research and experimental development on social sciences and humanities";"R&D on social scien./humanities";""
"72.11";"72.1";"4";"Research and experimental development on biotechnology";"R&D on  biotechnology";""
"72.19";"72.1";"4";"Other research and experimental development on natural sciences and engineering";"Other R&D on natural sciences etc.";""
"72.20";"72.2";"4";"Research and experimental development on social sciences and humanities";"R&D on. social scien./humanities";""
"72.110";"72.11";"5";"Research and experimental development on biotechnology";"R&D on biotechnology";""
"72.190";"72.19";"5";"Other research and experimental development on natural sciences and engineering";"Other R&D on natural sciences etc.";""
"72.200";"72.20";"5";"Research and experimental development on social sciences and humanities";"R&D on social scien./humanities";""
"73";"M";"2";"Advertising and market research";"Advertising and market research";""
"73.1";"73";"3";"Advertising";"Advertising";""
"73.2";"73";"3";"Market research and public opinion polling";"Market research/publ opin. polling";""
"73.11";"73.1";"4";"Advertising agencies";"Advertising agencies";""
"73.12";"73.1";"4";"Media representation";"Media representation";""
"73.20";"73.2";"4";"Market research and public opinion polling";"Market research/publ opin. polling";""
"73.110";"73.11";"5";"Advertising agencies";"Advertising agencies";""
"73.120";"73.12";"5";"Media representation";"Media representation";""
"73.200";"73.20";"5";"Market research and public opinion polling";"Market research/publ opin. polling";""
"74";"M";"2";"Other professional, scientific and technical activities";"Other prof., scientific, techn. act.";""
"74.1";"74";"3";"Specialised design activities";"Specialised design act.";""
"74.2";"74";"3";"Photographic activities";"Photographic activities";""
"74.3";"74";"3";"Translation and interpretation activities";"Translation/interpretation";""
"74.9";"74";"3";"Other professional, scientific and technical activities n.e.c.";"Prof./scient./tech. act. n.e.c.";""
"74.10";"74.1";"4";"Specialised design activities";"Specialised design act.";""
"74.20";"74.2";"4";"Photographic activities";"Photographic activities";""
"74.30";"74.3";"4";"Translation and interpretation activities";"Translation/interpretation";""
"74.90";"74.9";"4";"Other professional, scientific and technical activities n.e.c.";"Prof. scient/tech. act. n.e.c.";""
"74.101";"74.10";"5";"Industrial design, product design and other technical design";"Ind.-/prod.-/techn. design";""
"74.102";"74.10";"5";"Graphic and communication design";"Graph./communic. design";""
"74.103";"74.10";"5";"Interior decorator-, interior design- and other interior advising services";"Interior dec.,-design/advis.serv.";""
"74.200";"74.20";"5";"Photographic activities";"Photographic activities";""
"74.300";"74.30";"5";"Translation and interpretation activities";"Translation/interpretation";""
"74.901";"74.90";"5";"Appraisal activities";"Appraisal act.";""
"74.902";"74.90";"5";"Model agencies activities";"Model agency act.";""
"74.903";"74.90";"5";"Impresario activities";"Impresario act.";""
"74.909";"74.90";"5";"Other professional, scientific and technical activities n.e.c.";"Other prof./scient./tech.act. nec.";""
"75";"M";"2";"Veterinary activities";"Veterinary activities";""
"75.0";"75";"3";"Veterinary activities";"Veterinary activities";""
"75.00";"75.0";"4";"Veterinary activities";"Veterinary activities";""
"75.000";"75.00";"5";"Veterinary activities";"Veterinary activities";""
"77";"N";"2";"Rental and leasing activities";"Rental and leasing activities";""
"77.1";"77";"3";"Renting and leasing of motor vehicles";"Rent/leas. of motor vehicles";""
"77.2";"77";"3";"Renting and leasing of personal and household goods";"Rent/leas pers. and househ. goods";""
"77.3";"77";"3";"Renting and leasing of other machinery, equipment and tangible goods";"Rent/leas other mach./equip.";""
"77.4";"77";"3";"Leasing of intellectual property and similar products, except copyrighted works";"Leas. of intellect. property etc.";""
"77.11";"77.1";"4";"Renting and leasing of cars and light motor vehicles";"Rent./leas. cars/light motor veh.";""
"77.12";"77.1";"4";"Renting and leasing of trucks";"Rent./leas. trucks";""
"77.21";"77.2";"4";"Renting and leasing of recreational and sports goods";"Rent./leas. recreat./sports goods";""
"77.22";"77.2";"4";"Renting of video tapes and disks";"Rent. video tapes/disks";""
"77.29";"77.2";"4";"Renting and leasing of other personal and household goods";"Rent./leas. oth. pers. househ. goods";""
"77.31";"77.3";"4";"Renting and leasing of agricultural machinery and equipment";"Rent/leas agric. mach./equip";""
"77.32";"77.3";"4";"Renting and leasing of construction and civil engineering machinery and equipment";"Rent/leas constr/civ.eng. mach.";""
"77.33";"77.3";"4";"Renting and leasing of office machinery and equipment (including computers)";"Rent/leas office mach./equip";""
"77.34";"77.3";"4";"Renting and leasing of water transport equipment";"Rent/leas water transp. equip";""
"77.35";"77.3";"4";"Renting and leasing of air transport equipment";"Rent/leas air transp. equip.";""
"77.39";"77.3";"4";"Renting and leasing of other machinery, equipment and tangible goods n.e.c.";"Rent/leas other mach/equip etc.";""
"77.40";"77.4";"4";"Leasing of intellectual property and similar products, except copyrighted works";"Leas of intellect. property etc.";""
"77.110";"77.11";"5";"Renting and leasing of cars and light motor vehicles";"Rent./leas. cars/light motor veh.";""
"77.120";"77.12";"5";"Renting and leasing of trucks";"Rent./leas. trucks";""
"77.210";"77.21";"5";"Renting and leasing of recreational and sports goods";"Rent./leas. recreat./sports goods";""
"77.220";"77.22";"5";"Renting of video tapes and disks";"Rent. video tapes/disks";""
"77.290";"77.29";"5";"Renting and leasing of other personal and household goods";"Rent./leas. oth. pers. househ. goods";""
"77.310";"77.31";"5";"Renting and leasing of agricultural machinery and equipment";"Rent./leas. agric. mach./equip.";""
"77.320";"77.32";"5";"Renting and leasing of construction and civil engineering machinery and equipment";"Rent./leas. constr/civ.eng. mach.";""
"77.330";"77.33";"5";"Renting and leasing of office machinery and equipment (including computers)";"Rent/leas office mach./equip";""
"77.340";"77.34";"5";"Renting and leasing of water transport equipment";"Rent/leas water transp. equip";""
"77.350";"77.35";"5";"Renting and leasing of air transport equipment";"Rent/leas air transp. equip.";""
"77.390";"77.39";"5";"Renting and leasing of other machinery, equipment and tangible goods n.e.c.";"Rent/leas other mach/equip etc.";""
"77.400";"77.40";"5";"Leasing of intellectual property and similar products, except copyrighted works";"Leas intellect. property etc.";""
"78";"N";"2";"Employment activities";"Employment activities";""
"78.1";"78";"3";"Activities of employment placement agencies";"Act. employment placement agencies";""
"78.2";"78";"3";"Temporary employment agency activities";"Temporary employment agency act.";""
"78.3";"78";"3";"Other human resources provision";"Other human resources provision";""
"78.10";"78.1";"4";"Activities of employment placement agencies";"Act. employment placement agencies";""
"78.20";"78.2";"4";"Temporary employment agency activities";"Temporary employment agency act.";""
"78.30";"78.3";"4";"Other human resources provision";"Other human resources provision";""
"78.100";"78.10";"5";"Activities of employment placement agencies";"Act. employment placement agencies";""
"78.200";"78.20";"5";"Temporary employment agency activities";"Temporary employment agency act.";""
"78.300";"78.30";"5";"Other human resources provision";"Other human resources provision";""
"79";"N";"2";"Travel agency, tour operator and other reservation service and related activities";"Travel agency, tour operators";""
"79.1";"79";"3";"Travel agency and tour operator activities";"Travel agency/tour operator act.";""
"79.9";"79";"3";"Other reservation service and related activities";"Other reserv. service and rel. act.";""
"79.11";"79.1";"4";"Travel agency activities";"Travel agency act.";""
"79.12";"79.1";"4";"Tour operator activities";"Tour operator act.";""
"79.90";"79.9";"4";"Other reservation service and related activities";"Other reserv. serv. /rel. act.";""
"79.110";"79.11";"5";"Travel agency activities";"Travel agency act.";""
"79.120";"79.12";"5";"Tour operator activities";"Tour operator act.";""
"79.901";"79.90";"5";"Tourist offices";"Tourist offices";""
"79.902";"79.90";"5";"Tour guides and leaders";"Tour guides and leaders";""
"79.903";"79.90";"5";"Adventure, event and activities operators";"Adventure/ event act. oper.";""
"79.909";"79.90";"5";"Tourist related activities n.e.c.";"Tourist rel. act. n.e.c.";""
"80";"N";"2";"Security and investigation activities";"Security, investigation activities";""
"80.1";"80";"3";"Private security activities";"Private security activities";""
"80.2";"80";"3";"Security systems service activities";"Security systems service act.";""
"80.3";"80";"3";"Investigation activities";"Investigation activities";""
"80.10";"80.1";"4";"Private security activities";"Private security activities";""
"80.20";"80.2";"4";"Security systems service activities";"Security systems service act.";""
"80.30";"80.3";"4";"Investigation activities";"Investigation activities";""
"80.100";"80.10";"5";"Private security activities";"Private security activities";""
"80.200";"80.20";"5";"Security systems service activities";"Security systems service act.";""
"80.300";"80.30";"5";"Investigation activities";"Investigation activities";""
"81";"N";"2";"Services to buildings and landscape activities";"Buildings, landscape service act.";""
"81.1";"81";"3";"Combined facilities support activities";"Combined facilities support act.";""
"81.2";"81";"3";"Cleaning activities";"Cleaning activities";""
"81.3";"81";"3";"Landscape service activities";"Landscape service activities";""
"81.10";"81.1";"4";"Combined facilities support activities";"Combined facilities support act.";""
"81.21";"81.2";"4";"General cleaning of buildings";"General cleaning of buildings";""
"81.22";"81.2";"4";"Other building and industrial cleaning activities";"Other build./ind. clean. act.";""
"81.29";"81.2";"4";"Other cleaning activities";"Other cleaning act.";""
"81.30";"81.3";"4";"Landscape service activities";"Landscape service activities";""
"81.101";"81.10";"5";"Caretaker services";"Caretaker services";""
"81.109";"81.10";"5";"Other combined facilities support activities";"Other comb. facilities. supp. act.";""
"81.210";"81.21";"5";"General cleaning of buildings";"General cleaning of buildings";""
"81.220";"81.22";"5";"Other building and industrial cleaning activities";"Other build./ind. clean. act.";""
"81.291";"81.29";"5";"Disinfecting and exterminating activities";"Disinfecting/exterminating act.";""
"81.299";"81.29";"5";"Other cleaning activities n.e.c.";"Other clean. act. n.e.c.";""
"81.300";"81.30";"5";"Landscape service activities";"Landscape service activities";""
"82";"N";"2";"Office administrative, office support and other business support activities";"Business support activities";""
"82.1";"82";"3";"Office administrative and support activities";"Office administrative and supp. act.";""
"82.2";"82";"3";"Activities of call centres";"Activities of call centres";""
"82.3";"82";"3";"Organisation of conventions and trade shows";"Org. of conventions and trade shows";""
"82.9";"82";"3";"Business support service activities n.e.c.";"Other business supp. serv. act.";""
"82.11";"82.1";"4";"Combined office administrative activities";"Combined office adm. act.";""
"82.19";"82.1";"4";"Photocopying, document preparation and other specialised office support activities";"Photocopying, document prep. etc.";""
"82.20";"82.2";"4";"Activities of call centres";"Activities of call centres";""
"82.30";"82.3";"4";"Organisation of conventions and trade shows";"Org. of conventions and trade shows";""
"82.91";"82.9";"4";"Activities of collection agencies and credit bureaus";"Act. collect. agen./credit bureaus";""
"82.92";"82.9";"4";"Packaging activities";"Packaging act.";""
"82.99";"82.9";"4";"Other business service activities n.e.c.";"Other business serv. act. n.e.c.";""
"82.110";"82.11";"5";"Combined office administrative activities";"Combined office adm. act.";""
"82.190";"82.19";"5";"Photocopying, document preparation and other specialised office support activities";"Photocopying, document prep. etc.";""
"82.201";"82.20";"5";"Inbound call centres";"Inbound call centres";""
"82.202";"82.20";"5";"Outbound call centres";"Outbound call centres";""
"82.300";"82.30";"5";"Organisation of conventions and trade shows";"Org. of conventions and trade shows";""
"82.910";"82.91";"5";"Activities of collection agencies and credit bureaus";"Act. collect. agen./credit bureaus";""
"82.920";"82.92";"5";"Packaging activities";"Packaging act.";""
"82.990";"82.99";"5";"Other business service activities n.e.c.";"Other business serv. act. n.e.c.";""
"84";"O";"2";"Public administration and defence; compulsory social security";"Public adm., defence, soc. security";""
"84.1";"84";"3";"Administration of the State and the economic and social policy of the community";"Public administration proper";""
"84.2";"84";"3";"Provision of services to the community as a whole";"Prov. of serv. to the community";""
"84.3";"84";"3";"Compulsory social security activities";"Comp. social security activities";""
"84.11";"84.1";"4";"General public administration activities";"Gen. public adm. act.";""
"84.12";"84.1";"4";"Regulation of the activities of providing health care, education, cultural services and other social services, excluding social security";"Act. provid. health care, educ. etc.";""
"84.13";"84.1";"4";"Regulation of and contribution to more efficient operation of businesses";"Reg. of operation of business";""
"84.21";"84.2";"4";"Foreign affairs";"Foreign affairs";""
"84.22";"84.2";"4";"Defence activities";"Defence activities";""
"84.23";"84.2";"4";"Justice and judicial activities";"Justice and judicial activities";""
"84.24";"84.2";"4";"Public order and safety activities";"Public order and safety act.";""
"84.25";"84.2";"4";"Fire service activities";"Fire service activities";""
"84.30";"84.3";"4";"Compulsory social security activities";"Comp. social security activities";""
"84.110";"84.11";"5";"General public administration activities";"Gen. public adm. act.";""
"84.120";"84.12";"5";"Regulation of the activities of providing health care, education, cultural services and other social services, excluding social security";"Act. provid. health care, educ. etc.";""
"84.130";"84.13";"5";"Regulation of and contribution to more efficient operation of businesses";"Reg. of operation of business";""
"84.210";"84.21";"5";"Foreign affairs";"Foreign affairs";""
"84.220";"84.22";"5";"Defence activities";"Defence activities";""
"84.230";"84.23";"5";"Justice and judicial activities";"Justice and judicial activities";""
"84.240";"84.24";"5";"Public order and safety activities";"Public order and safety act.";""
"84.250";"84.25";"5";"Fire service activities";"Fire service activities";""
"84.300";"84.30";"5";"Compulsory social security activities";"Comp. social security activities";""
"85";"P";"2";"Education";"Education";""
"85.1";"85";"3";"Pre-primary education";"Pre-primary education";""
"85.2";"85";"3";"Primary education";"Primary education";""
"85.3";"85";"3";"Secondary education";"Secondary education";""
"85.4";"85";"3";"Higher education";"Higher education";""
"85.5";"85";"3";"Other education";"Other education";""
"85.6";"85";"3";"Educational support activities";"Educational support act.";""
"85.10";"85.1";"4";"Pre-primary education";"Pre-primary education";""
"85.20";"85.2";"4";"Primary education";"Primary education";""
"85.31";"85.3";"4";"General secondary education";"General secondary education";""
"85.32";"85.3";"4";"Technical and vocational secondary education";"Tech., vocation. sec. education";""
"85.41";"85.4";"4";"Post-secondary non-tertiary education";"Post-second. non-tert. education";""
"85.42";"85.4";"4";"Tertiary education";"Tertiary education";""
"85.51";"85.5";"4";"Sports and recreation education";"Sports and recreation educ.";""
"85.52";"85.5";"4";"Cultural education";"Cultural education";""
"85.53";"85.5";"4";"Driving school activities";"Driving school activities";""
"85.59";"85.5";"4";"Other education n.e.c.";"Other education n.e.c.";""
"85.60";"85.6";"4";"Educational support activities";"Educational support act.";""
"85.100";"85.10";"5";"Pre-primary education";"Pre-primary education";""
"85.201";"85.20";"5";"General primary education";"General primary education";""
"85.202";"85.20";"5";"Special education for handicapped";"Gen. education for handicapped";""
"85.203";"85.20";"5";"Competence centre and other special needs education";"Comp. centre/other spec. needs educ.";""
"85.310";"85.31";"5";"General secondary education";"General secondary education";""
"85.320";"85.32";"5";"Technical and vocational secondary education";"Tech., vocation. sec. education";""
"85.410";"85.41";"5";"Post-secondary non-tertiary education";"Post-second. non-tert. education";""
"85.421";"85.42";"5";"Education at universities";"Education at universities";""
"85.422";"85.42";"5";"Education at specialised university institutions";"Education at spec. university inst.";""
"85.423";"85.42";"5";"Education at regional colleges";"Education at regional colleges";""
"85.424";"85.42";"5";"Education at military colleges";"Education at military colleges";""
"85.429";"85.42";"5";"Education at other colleges";"Education at other colleges";""
"85.510";"85.51";"5";"Sports and recreation education";"Sports and recreation educ.";""
"85.521";"85.52";"5";"Municipal cultural schools";"Municipal cultural schools";""
"85.522";"85.52";"5";"Art education";"Art education";""
"85.529";"85.52";"5";"Other cultural education";"Other cultural education";""
"85.530";"85.53";"5";"Driving school activities";"Driving school activities";""
"85.591";"85.59";"5";"Folk high school education";"Folk high school education";""
"85.592";"85.59";"5";"Labour market training";"Labour market training";""
"85.593";"85.59";"5";"Activities of adult education associations";"Act. of adult educ. associations";""
"85.594";"85.59";"5";"Adult education centres";"Adult education centres";""
"85.595";"85.59";"5";"Activities of part-time teachers";"Act. of part-time teachers";""
"85.596";"85.59";"5";"Religious education";"Religious education";""
"85.599";"85.59";"5";"Other education";"Other education";""
"85.601";"85.60";"5";"Educational and psychological counselling services";"Educ./psych. counselling serv.";""
"85.609";"85.60";"5";"Other educational support services";"Other educational supp. serv.";""
"86";"Q";"2";"Human health activities";"Human health activities";""
"86.1";"86";"3";"Hospital activities";"Hospital activities";""
"86.2";"86";"3";"Medical and dental practice activities";"Medical/dental practice act.";""
"86.9";"86";"3";"Other human health activities";"Other human health act.";""
"86.10";"86.1";"4";"Hospital activities";"Hospital activities";""
"86.21";"86.2";"4";"General medical practice activities";"General medical practice act.";""
"86.22";"86.2";"4";"Specialist medical practice activities";"Spec. medical practice act.";""
"86.23";"86.2";"4";"Dental practice activities";"Dental practice activities";""
"86.90";"86.9";"4";"Other human health activities";"Other human health act.";""
"86.101";"86.10";"5";"General hospitals";"General hospitals";""
"86.102";"86.10";"5";"Specialised hospitals";"Specialised hospitals";""
"86.103";"86.10";"5";"Other specialised health institutions";"Other spec. health inst.";""
"86.104";"86.10";"5";"Mental health hospitals for adults";"Mental health hosp. for adults";""
"86.105";"86.10";"5";"Mental health hospitals for children and adolescents";"Ment. health hosp child/adolescents";""
"86.106";"86.10";"5";"Drug treatment units within specialist health services";"Drug treat with spec. health serv.";""
"86.107";"86.10";"5";"Rehabilitation institutions";"Rehabilitation inst.";""
"86.211";"86.21";"5";"General practitioners";"General practitioners";""
"86.212";"86.21";"5";"Outpatient clinics";"Outpatient clinics";""
"86.221";"86.22";"5";"Physicians, specialists other than psychiatrists";"Physicians, spec. other than psych";""
"86.222";"86.22";"5";"Psychiatrists";"Psychiatrists";""
"86.223";"86.22";"5";"Outpatient mental health clinics for adults";"Outpat. ment. health clin., adults";""
"86.224";"86.22";"5";"Outpatient mental clinics for children and adolescents";"Outpat. ment. clin., child/adolescent";""
"86.225";"86.22";"5";"Outpatient clinics for alcoholics and drug addicts";"Outpat. clin. alcoholics/drug addicts";""
"86.230";"86.23";"5";"Dental practice activities";"Dental practice activities";""
"86.901";"86.90";"5";"Home nursing care";"Home nursing care";""
"86.902";"86.90";"5";"Physiotherapy services";"Physiotherapy services";""
"86.903";"86.90";"5";"Maternal and child health care and school health services";"Maternal and child health care etc.";""
"86.904";"86.90";"5";"Other preventive health care";"Other preventive health care";""
"86.905";"86.90";"5";"Psychologist services";"Psychologist services";""
"86.906";"86.90";"5";"Medical laboratories";"Medical laboratories";""
"86.907";"86.90";"5";"Ambulance services";"Ambulance services";""
"86.909";"86.90";"5";"Other health services";"Other health services";""
"87";"Q";"2";"Residential care activities";"Residential care activities";""
"87.1";"87";"3";"Residential nursing care activities";"Residential nursing care act.";""
"87.2";"87";"3";"Residential care activities for mental retardation, mental health and substance abuse";"Res. care act. for mental retardation";""
"87.3";"87";"3";"Residential care activities for the elderly and disabled";"Res. care act. for elderly and disabled";""
"87.9";"87";"3";"Other residential care activities";"Other residential care activities";""
"87.10";"87.1";"4";"Residential nursing care activities";"Residential nursing care act.";""
"87.20";"87.2";"4";"Residential care activities for mental retardation, mental health and substance abuse";"Res. care act. mental retard. etc.";""
"87.30";"87.3";"4";"Residential care activities for the elderly and disabled";"Res. care act. elderly/disabled";""
"87.90";"87.9";"4";"Other residential care activities";"Other residential care act.";""
"87.101";"87.10";"5";"Residential specialised nursing home";"Residential spec. nursing homes";""
"87.102";"87.10";"5";"Residential nursing homes";"Residential nursing homes";""
"87.201";"87.20";"5";"Residential nursing homes for the mentally retarded";"Resid. nurs. homes, ment. retarded";""
"87.202";"87.20";"5";"Residential institutions for alcoholics and drug addicts";"Resid. inst. alcoholics/drug addicts";""
"87.203";"87.20";"5";"Dwellings for retarded";"Dwellings, retarded";""
"87.301";"87.30";"5";"Residential care activities for the elderly";"Resid. care act. for the elderly";""
"87.302";"87.30";"5";"Dwellings with day and night accommodation for the elderly and disabled";"Dwell. w. day/night accom., elderly";""
"87.303";"87.30";"5";"Dwellings with day accommodation for the elderly and disabled";"Dwell. w. day accom., elderly/disabl";""
"87.304";"87.30";"5";"Dwellings for short-term stay for disabled";"Dwell. for short-term stay, disabled";""
"87.305";"87.30";"5";"Sheltered accommodation for children";"Sheltered accom. for children";""
"87.901";"87.90";"5";"Child welfare institutions";"Child welfare institutions";""
"87.909";"87.90";"5";"Other social care institutions";"Other social care inst.";""
"88";"Q";"2";"Social work activities without accommodation";"Social work without accommodation";""
"88.1";"88";"3";"Social work activities without accommodation for the elderly and disabled";"Soc. work act. without accomm.";""
"88.9";"88";"3";"Other social work activities without accommodation";"Other social work without accomm.";""
"88.10";"88.1";"4";"Social work activities without accommodation for the elderly and disabled";"Soc. work elder/dis. without acc.";""
"88.91";"88.9";"4";"Child day-care activities";"Child day-care activities";""
"88.99";"88.9";"4";"Other social work activities without accommodation n.e.c.";"Soc. work act. without accomm.";""
"88.101";"88.10";"5";"Home help";"Home help";""
"88.102";"88.10";"5";"Day care activities for elderly and disabled";"Day care act., elderly/disabled";""
"88.103";"88.10";"5";"Centres for the elderly";"Centres for the elderly";""
"88.911";"88.91";"5";"Nursery schools";"Nursery schools";""
"88.912";"88.91";"5";"Play groups and nurseries";"Play groups and nurseries";""
"88.913";"88.91";"5";"School-age child care";"School-age child care";""
"88.914";"88.91";"5";"Leisure time clubs activities for children and adolescents";"Leisure time clubs act.";""
"88.991";"88.99";"5";"Child welfare care";"Child welfare care";""
"88.992";"88.99";"5";"Family counselling services";"Family counselling serv.";""
"88.993";"88.99";"5";"Vocational rehabilitation activities for unemployed persons";"Voc. rehab. act., unemployed pers.";""
"88.994";"88.99";"5";"Individual adapted work";"Individual adapted work";""
"88.995";"88.99";"5";"Social welfare organisations activities";"Soc. welfare org. act.";""
"88.996";"88.99";"5";"Reception centres for asylum seekers";"Reception centres, asylum seekers";""
"88.997";"88.99";"5";"Social welfare services without accommodation for alcoholics and drug addicts";"Soc. welfare serv. without accomm.";""
"88.998";"88.99";"5";"Municipal social service offices activities";"Municip. soc. serv. offices act.";""
"88.999";"88.99";"5";"Other social work activities without accommodation n.e.c.";"Other soc. work act. without accom.";""
"90";"R";"2";"Creative, arts and entertainment activities";"Arts and entertainment activities";""
"90.0";"90";"3";"Creative, arts and entertainment activities";"Creative/arts/entertainment act.";""
"90.01";"90.0";"4";"Performing arts";"Performing arts";""
"90.02";"90.0";"4";"Support activities to performing arts";"Support act. to performing arts";""
"90.03";"90.0";"4";"Artistic creation";"Artistic creation";""
"90.04";"90.0";"4";"Operation of arts facilities";"Operation of arts facilities";""
"90.011";"90.01";"5";"Performing artists and music entertainment activities";"Perf. art./ mus. entertainm. act.";""
"90.012";"90.01";"5";"Performing artists and entertainment activities within dramatic art";"Perf. art./entertain act., dramatic arts";""
"90.019";"90.01";"5";"Performing artists and other entertainment activities";"Perf. art./other entertainm. act";""
"90.020";"90.02";"5";"Support activities to performing arts";"Support act. to performing arts";""
"90.031";"90.03";"5";"Independent artistic activity within visual art";"Indep. art. act. within visual art";""
"90.032";"90.03";"5";"Independent artistic activity within music";"Indep. art. act. within music";""
"90.033";"90.03";"5";"Independent artistic activity within dramatic art";"Indep. art, act. within dramatic art";""
"90.034";"90.03";"5";"Independent artistic activity within literature";"Indep. art. act. within literature";""
"90.035";"90.03";"5";"Independent artistic activity within blogging";"Independent artistic activity within blogging";""
"90.039";"90.03";"5";"Other independent artistic activity";"Other indep. artistic act.";""
"90.040";"90.04";"5";"Operation of arts facilities";"Operation of arts facilities";""
"91";"R";"2";"Libraries, archives, museums and other cultural activities";"Libraries, museums, other culture";""
"91.0";"91";"3";"Libraries, archives, museums and other cultural activities";"Libraries, activities etc.";""
"91.01";"91.0";"4";"Libraries and archives activities";"Libraries and archives act.";""
"91.02";"91.0";"4";"Museums activities";"Museums activities";""
"91.03";"91.0";"4";"Operation of historical sites and buildings and similar visitor attractions";"Oper. hist. sites/build. etc.";""
"91.04";"91.0";"4";"Botanical and zoological gardens and nature reserves activities";"Boot. and zool. gardens etc.";""
"91.011";"91.01";"5";"Public libraries activities";"Public libraries act.";""
"91.012";"91.01";"5";"Special and research libraries activities";"Spec. and research libraries act.";""
"91.013";"91.01";"5";"Archive activities";"Archive activities";""
"91.021";"91.02";"5";"Art museums activities";"Art museums act.";""
"91.022";"91.02";"5";"Social history museums activities";"Soc. history museums act.";""
"91.023";"91.02";"5";"Natural history museums activities";"Natural hist. museums act.";""
"91.029";"91.02";"5";"Other museums activities";"Other museums act.";""
"91.030";"91.03";"5";"Operation of historical sites and buildings and similar visitor attractions";"Oper. hist. sites/build. etc.";""
"91.040";"91.04";"5";"Botanical and zoological gardens and nature reserves activities";"Boot. and zool. gardens etc.";""
"92";"R";"2";"Gambling and betting activities";"Gambling and betting activities";""
"92.0";"92";"3";"Gambling and betting activities";"Gambling and betting activities";""
"92.00";"92.0";"4";"Gambling and betting activities";"Gambling and betting activities";""
"92.000";"92.00";"5";"Gambling and betting activities";"Gambling and betting activities";""
"93";"R";"2";"Sports activities and amusement and recreation activities";"Sports, amusement, recreation";""
"93.1";"93";"3";"Sports activities";"Sports activities";""
"93.2";"93";"3";"Amusement and recreation activities";"Amusement/recreation act.";""
"93.11";"93.1";"4";"Operation of sports facilities";"Operation of sports facilities";""
"93.12";"93.1";"4";"Activities of sport clubs";"Activities of sport clubs";""
"93.13";"93.1";"4";"Fitness facilities";"Fitness facilities";""
"93.19";"93.1";"4";"Other sports activities";"Other sports activities";""
"93.21";"93.2";"4";"Activities of amusement parks and theme parks";"Act. of amusement parks/theme parks";""
"93.29";"93.2";"4";"Other amusement and recreation activities";"Other amusement/recreation act.";""
"93.110";"93.11";"5";"Operation of sports facilities";"Operation of sports facilities";""
"93.120";"93.12";"5";"Activities of sport clubs";"Activities of sports clubs";""
"93.130";"93.13";"5";"Fitness facilities";"Fitness facilities";""
"93.190";"93.19";"5";"Other sports activities";"Other sports activities";""
"93.210";"93.21";"5";"Activities of amusement parks and theme parks";"Act. of amusement parks/theme parks";""
"93.291";"93.29";"5";"Activities of adventure companies";"Act. of adventure comp.";""
"93.292";"93.29";"5";"Leisure establishments";"Leisure establishments";""
"93.299";"93.29";"5";"Other recreational activities n.e.c.";"Other recreational act. n.e.c.";""
"94";"S";"2";"Activities of membership organisations";"Membership organisations";""
"94.1";"94";"3";"Activities of business, employers and professional membership organisations";"Business,employers and prof. org.";""
"94.2";"94";"3";"Activities of trade unions";"Activities of trade unions";""
"94.9";"94";"3";"Activities of other membership organisations";"Act. of other membership org.";""
"94.11";"94.1";"4";"Activities of business and employers membership organisations";"Business, employers members. org.";""
"94.12";"94.1";"4";"Activities of professional membership organisations";"Professional membership org.";""
"94.20";"94.2";"4";"Activities of trade unions";"Activities of trade unions";""
"94.91";"94.9";"4";"Activities of religious organisations";"Act. of religious organisations";""
"94.92";"94.9";"4";"Activities of political organisations";"Act. of political organisations";""
"94.99";"94.9";"4";"Activities of other membership organisations n.e.c.";"Act. of other membership org. n.e.c.";""
"94.110";"94.11";"5";"Activities of business and employers membership organisations";"Business, employers members. org.";""
"94.120";"94.12";"5";"Activities of professional membership organisations";"Professional membership org.";""
"94.200";"94.20";"5";"Activities of trade unions";"Activities of trade unions";""
"94.910";"94.91";"5";"Activities of religious organisations";"Act. of religious organisations";""
"94.920";"94.92";"5";"Activities of political organisations";"Act. of political organisations";""
"94.991";"94.99";"5";"Activities of other membership organisations";"Act. of other membership org.";""
"94.992";"94.99";"5";"Charities which distribute means themselves";"Char. which distrib. means themselves";""
"95";"S";"2";"Repair of computers and personal and household goods";"Repair, personal, household goods";""
"95.1";"95";"3";"Repair of computers and communication equipment";"Rep. of computers/communic. equip.";""
"95.2";"95";"3";"Repair of personal and household goods";"Rep. of pers. and household goods";""
"95.11";"95.1";"4";"Repair of computers and peripheral equipment";"Rep. of computer/periph. equip.";""
"95.12";"95.1";"4";"Repair of communication equipment";"Rep. of communication equip.";""
"95.21";"95.2";"4";"Repair of consumer electronics";"Rep. of consumer electronics";""
"95.22";"95.2";"4";"Repair of household appliances and home and garden equipment";"Rep. househ. appl./home garden equip";""
"95.23";"95.2";"4";"Repair of footwear and leather goods";"Rep. of footwear and leather goods";""
"95.24";"95.2";"4";"Repair of furniture and home furnishings";"Rep. of furniture and home furnishing";""
"95.25";"95.2";"4";"Repair of watches, clocks and jewellery";"Rep. of watches, clocks, jewellery";""
"95.29";"95.2";"4";"Repair of other personal and household goods";"Rep. of other pers./househ. goods";""
"95.110";"95.11";"5";"Repair of computers and peripheral equipment";"Rep. of computer/periph. equip.";""
"95.120";"95.12";"5";"Repair of communication equipment";"Rep. of communication equip.";""
"95.210";"95.21";"5";"Repair of consumer electronics";"Rep. of consumer electronics";""
"95.220";"95.22";"5";"Repair of household appliances and home and garden equipment";"Rep. househ. appl./home garden equip";""
"95.230";"95.23";"5";"Repair of footwear and leather goods";"Rep. of footwear and leather goods";""
"95.240";"95.24";"5";"Repair of furniture and home furnishings";"Rep. of furniture and home furnishing";""
"95.250";"95.25";"5";"Repair of watches, clocks and jewellery";"Rep. of watches, clocks, jewellery";""
"95.290";"95.29";"5";"Repair of other personal and household goods";"Rep. of other pers./househ. goods";""
"96";"S";"2";"Other personal service activities";"Other personal service activities";""
"96.0";"96";"3";"Other personal service activities";"Other personal service activities";""
"96.01";"96.0";"4";"Washing and (dry-)cleaning of textile and fur products";"Wash/(dry)-clean of text./fur prod.";""
"96.02";"96.0";"4";"Hairdressing and other beauty treatment";"Hairdressing/other beauty treat.";""
"96.03";"96.0";"4";"Funeral and related activities";"Funeral and related act.";""
"96.04";"96.0";"4";"Physical well-being activities";"Physical well-being act.";""
"96.09";"96.0";"4";"Other personal service activities n.e.c.";"Other pers. service act. n.e.c.";""
"96.010";"96.01";"5";"Washing and (dry-)cleaning of textile and fur products";"Wash/(dry)-clean of text./fur prod.";""
"96.020";"96.02";"5";"Hairdressing and other beauty treatment";"Hairdressing/other beauty treat.";""
"96.030";"96.03";"5";"Funeral and related activities";"Funeral and related act.";""
"96.040";"96.04";"5";"Physical well-being activities";"Physical well-being act.";""
"96.090";"96.09";"5";"Other personal service activities n.e.c.";"Other pers. service act. n.e.c.";""
"97";"T";"2";"Activities of households as employers of domestic personnel";"Households as employers act.";""
"97.0";"97";"3";"Activities of households as employers of domestic personnel";"Households as employers act.";""
"97.00";"97.0";"4";"Activities of households as employers of domestic personnel";"Households as employers act.";""
"97.000";"97.00";"5";"Activities of households as employers of domestic personnel";"Households as employers act.";""
"99";"U";"2";"Activities of extraterritorial organisations and bodies";"Extraterr. organisations and bodies";""
"99.0";"99";"3";"Activities of extraterritorial organisations and bodies";"Extra-terr. organisations and bodies";""
"99.00";"99.0";"4";"Activities of extraterritorial organisations and bodies";"Extra-terr. organisations and bodies";""
"99.000";"99.00";"5";"Activities of extraterritorial organisations and bodies";"Extra-terr. organisations and bodies";""
"A";"";"1";"Agriculture, forestry and fishing";"Agriculture, forestry and fishing";""
"B";"";"1";"Mining and quarrying";"Mining and quarrying";""
"C";"";"1";"Manufacturing";"Manufacturing";""
"D";"";"1";"Electricity, gas, steam and air conditioning supply";"Electricity and gas supply";""
"E";"";"1";"Water supply; sewerage, waste management and remediation activities";"Water supply, sewerage, waste";""
"F";"";"1";"Construction";"Construction";""
"G";"";"1";"Wholesale and retail trade; repair of motor vehicles and motorcycles";"Domestic trade, car repair shop";""
"H";"";"1";"Transportation and storage";"Transportation and storage";""
"I";"";"1";"Accommodation and food service activities";"Accommodation, food service";""
"J";"";"1";"Information and communication";"Information and communication";""
"K";"";"1";"Financial and insurance activities";"Financial and insurance activities";""
"L";"";"1";"Real estate activities";"Real estate activities";""
"M";"";"1";"Professional, scientific and technical activities";"Profess., scientific, tech. act.";""
"N";"";"1";"Administrative and support service activities";"Administrative, support service";""
"O";"";"1";"Public administration and defence; compulsory social security";"Public adm., defence, soc. security";""
"P";"";"1";"Education";"Education";""
"Q";"";"1";"Human health and social work activities";"Human health, social work";""
"R";"";"1";"Arts, entertainment and recreation";"Arts, entertainment and recreation";""
"S";"";"1";"Other service activities";"Other service activities";""
"T";"";"1";"Activities of household as employers; undifferentiated goods- and services-producing activities of households for own account";"Households as employers act.";""
"U";"";"1";"Activities of extraterritorial organisations and bodies";"Extraterr. organisations and bodies";""
